OID_	ISO3CD	ROMNAM	MAP_COLOR	MAP_LABEL	Comment	CAPITAL	ISO_Alpha_	Names1	Names1_log	Names2	Names2_log	hdi_2018	Learning_o	GDP_2018	CPI_2018	Pop_2018	I_1	I_2	I_3	I_4	I_5	I_6	I_7	I_8	I_9	I_10	I_11	I_12	I_13	I_15	I_16	I_17	I_18	I_19	I_20	I_21	I_22	I_23	I_24	I_25	I_26	Shape_Length	Shape_Area	Area_km2
1	ABW	Aruba	NLD	Aruba (Neth.)	Label	Oranjestad	ABW	5	1.609437912	2	0.693147181	0	NA	3203.132961	0	105.845	NA	NA	106	0	0	0.42	0	0	3.466	0	0	NA	0.53	0	0	0	0	0	0	0.042704398	0.072793167	2005	0	0	NA	70516.52224	185462565.1	185.4625651
2	AFG	Afghanistan	AFG	Afghanistan	Label	Kabul	AFG	37	3.610917913	21	3.044522438	0.496	NA	20513.88324	16	37171.921	NA	0.038809	85.1	0.497444762	0.794760317	1350	29624.03	1000	NA	95480	117.9460318	NA	0.1	26.8	0	6.25	0	0.238904	0.9938	0.00521862	0.0046472	3518409	0	4.70930476	NA	5898147.921	6.43464E+11	643463.7146
3	AGO	Angola	AGO	Angola	Label	Luanda	AGO	42	3.737669618	20	2.995732274	0.574	NA	105902.3409	19	30809.787	NA	0.093829567	83.7	2.547947276	0.934734078	57856	35168.96	38514	3.175	18877	81.37655009	NA	6.97	14.2	0	26.09	37	0.499349	0.9922	0.058864659	0.003754714	5540785	0.002925839	4.777115573	NA	7605615.541	1.25456E+12	1254563.637
4	AIA	Anguilla	AIA	Anguilla (UK)	Label	The Valley	AIA	65	4.17438727	13	2.564949357	0	NA	293.010293	0	14.731	NA	0.227570333	100.4	0	0	5.5	0	0	3.319	0	0	NA	5.85	0	0	0	0	0	0	0.051533618	0.0476245	0	0	0	NA	77577.40594	83017607.72	83.01760772
5	ALB	Albania	ALB	Albania	Label	Tirana	ALB	39	3.663561646	25	3.218875825	0.791	436.73	15058.88377	36	2882.74	NA	0.297917	85.6	1.177220906	2.207133346	771.5	2688.46	1482	3.406	30547	55.5136126	NA	17.21	2.5	12	37.5	18	0.252859	0.988	0.054546289	0.050233556	1180010	0.000437157	6.414175987	NA	1310576.948	28692430562	28692.43056
6	AND	Andorra	AND	Andorra	Label	Andorra la Vella	AND	8	2.079441542	18	2.890371758	0.857	NA	3238.225156	0	77.006	NA	0.349192667	89.5	0	0	16	0	0	NA	0	0	1	21.19	2.5	0	0	0	0.229642	0	0.169948783	0.207729889	0	0.00011407	0	NA	117609.0263	464726236.6	464.7262366
7	ANT	Saba	NLD	Saba (Neth.)	Label	 	ANT	5	1.609437912	4	1.386294361	0	NA	0	0	277.483	NA	NA	0	0	0	0	0	0	NA	0	0	NA	0	0	0	NA	0	0	0	0	0	0	0	0	NA	13671.54927	12556731.45	12.55673145
8	ANT	Sint Eustatius	NLD	Sint Eustatius (Neth.)	Label	 	ANT	5	1.609437912	4	1.386294361	0	NA	0	0	277.483	NA	NA	0	0	0	0	0	0	NA	0	0	NA	0	0	0	NA	0	0	0	0	0	0	0	0	NA	21251.65441	22577988.73	22.57798873
9	ARE	United Arab Emirates	ARE	United Arab Emirates	Label	Abu Dhabi	ARE	23	3.135494216	9	2.197224577	0.866	460.49	414178.9426	70	9630.959	NA	NA	84.1	0.681456275	10.97525539	322.6	6537.72	0	3.033	23340	10.40394296	1	13.07	2.5	0	NA	0	0.387456	0.9875	0.140321359	0.106782667	18578	0	2.321589061	NA	2970294.999	71018988660	71018.98866
10	ARG	Argentina	ARG	Argentina	Label	Buenos Aires	ARG	604	6.403574198	1041	6.947937069	0.83	429.38	518475.2879	40	44361.15	448514	0.207726667	73.5	6.924378978	3.143857654	27112	230194.33	30600	2.512	780262	105.4015366	1	8.89	2.5	0	14.6	32	0.42166	0.9795	0.075389806	0.046229571	18261000	0.004611081	2.387180638	415412	17244944.32	2.78695E+12	2786954.627
11	ARM	Armenia	ARM	Armenia	Label	Yerevan	ARM	21	3.044522438	17	2.833213344	0.76	NA	12433.14278	35	2951.745	NA	0.130058933	86.9	0.885107495	2.232983962	332	2688.95	8140	NA	16268	0	1	23.11	5.8	0	10.53	33	0.291108	0.9949	0.099063752	0.042412833	1547000	0.00000591	4.333065657	1770.4	1582355.472	29748017633	29748.01763
12	ASM	American Samoa	USA	American Samoa (USA)	Label	Pago Pago	ASM	19	2.944438979	4	1.386294361	0	NA	0	0	55.465	NA	0.291512333	0	0	0	17.543	0	0	2.973	0	0	NA	4.27	0	0	42.86	0	0	0	0.17	0.027778	0	0	0	NA	167812.7774	211895475.7	211.8954757
13	ATA	Antarctica	ATA	Antarctica	Label	 	ATA	251	5.525452939	29	3.36729583	0	NA	0	0	0	NA	NA	0	0	0	0	0	0	NA	0	0	NA	0	0	0	NA	0	0	0	0	0	0	0	0	NA	102859992	1.24645E+13	12464487.31
14	ATF	French Southern Territories	FRA	French Southern Territories (Fr.)	Label	 	ATF	0	0	0	0	0	NA	0	0	0	NA	0.113784733	0	0	0	0	0	0	NA	0	0	NA	97.83	0	0	NA	0	0.170214	0	0	0	0	0	0	NA	2727608.601	7562350010	7562.35001
15	ATG	Antigua and Barbuda	ATG	Antigua and Barbuda	Label	St John's	ATG	0	0	0	0	0.776	NA	1610.574074	0	96.286	NA	0.252332667	95.8	0	0	9.8	24.64	0	3.669	20	0	1	19.33	0	0	0	0	0.0812663	0	0.093232408	0.072165167	0	0.000460969	0	NA	257209.1229	445682679.5	445.6826795
16	AUS	Ashmore and Cartier Islands	AUS	Ashmore & Cartier Is. (Aust.)	Label	 	AUS	3468	8.151333338	6875	8.835646923	0.938	509.22	1453870.547	77	24898.152	1235677	0.206301667	66.2	16.56791129	9.305707226	124751	119543.57	30324	3.277	1404600	63.42230442	1	16.98	2.5	5	26.23	15	0.473554	0.9915	0.151999899	0.044943286	30044000	0.006182603	1.285488002	NA	9316.647589	2076793.22	2.07679322
17	AUS	Australia	AUS	Australia	Label	Canberra	AUS	3468	8.151333338	6875	8.835646923	0.938	509.22	1453870.547	77	24898.152	1235677	0.206301667	66.2	16.56791129	9.305707226	124751	119543.57	30324	3.277	1404600	63.42230442	1	16.98	2.5	5	26.23	15	0.473554	0.9915	0.151999899	0.044943286	30044000	0.006182603	1.285488002	NA	55479373.81	7.71927E+12	7719265.894
18	AUT	Austria	AUT	Austria	Label	Vienna	AUT	289	5.666426688	1265	7.142827401	0.914	519.54	455508.255	76	8891.388	587	0.367310333	93.9	3.067703324	6.063146292	3869	5556.16	350	NA	86000	75.23907019	1	28.44	2.5	50	9.09	3	0.325919	0.9898	0.131653296	0.15028	17088560	0.001830633	8.553078407	6701.733333	2524761.34	83887627633	83887.62763
19	AZE	Azerbaijan	AZE	Azerbaijan	Label	Baku	AZE	13	2.564949357	11	2.397895273	0.754	NA	46939.12805	25	9949.537	NA	0.118168333	86.2	0.849343643	2.309902639	1139.4	10371.33	568	NA	36644	0	1	10.15	2.5	0	3.77	31	0.221007	0.9973	0.142132735	0.022140167	425300	0.0000211	3.989118667	NA	3347407.867	1.64547E+11	164546.6177
20	BDI	Burundi	BDI	Burundi	Label	Bujumbura	BDI	15	2.708050201	11	2.397895273	0.423	NA	3285.1503	17	11175.374	NA	0.163519667	96.1	0.315587738	0.621421204	276	8299.46	20120	NA	5562	81.21591387	1	7.59	0	0	40	52	0.225569	0.9938	0.097669874	0.008054125	6624000	0.002711869	4.943534851	187.74	1074696.932	27023630182	27023.63018
21	BEL	Belgium	BEL	Belgium	Label	Brussels	BEL	275	5.616771098	1764	7.475339237	0.919	529.11	543026.2665	75	11482.178	23259	0.281589333	87	1.186619847	7.439414849	683.4	6493.85	283	3.266	189591	52.71970161	1	23.21	2.5	55	16.22	1	0.201169	0.9829	0.17	0.267147	5412140	0.003952128	14.49880477	12356.90667	1356425.922	30621465675	30621.46568
22	BEN	Benin	BEN	Benin	Label	Porto-Novo (constituti	BEN	131	4.875197323	155	5.043425117	0.52	NA	10411.63717	40	11485.044	NA	0.098051067	88.7	0.876667272	1.41032762	4311	18981.41	20770	2.956	13348	128.2529068	1	28.87	7.5	0	66.67	81	0.425273	0.9909	0.167315495	0.0898025	6955050	0.003549882	5.215249616	NA	2323170.235	1.16169E+11	116169.3146
23	BES	Bonaire	NLD	Bonaire (Neth.)	Label	 	BES	0	0	0	0	0	NA	0	0	25.711	NA	0.314251667	0	0	0	0	0	0	NA	0	0	NA	31.9	0	0	22.22	0	0.0446551	0	0.169994816	0.036101857	0	0	0	NA	121199.7889	291173200	291.1732
24	BFA	Burkina Faso	BFA	Burkina Faso	Label	Ouagadougou	BFA	128	4.852030264	102	4.624972813	0.434	NA	16199.64754	41	19751.466	NA	NA	88.5	0.983452056	1.205891124	5350	80790.27	20750	NA	48363	75.01716032	1	15.08	20.7	0	60	76	0.440549	0.9904	0.151191912	0.0243628	14691146	0	3.718562157	NA	3671545.884	2.74921E+11	274920.9873
25	BGD	Bangladesh	BGD	Bangladesh	Label	Dhaka	BGD	349	5.855071922	308	5.730099783	0.614	NA	269627.6155	26	161376.708	NA	0.180856333	80.6	0.376778451	0.721982078	1429	140128.37	1023991	2.601	1230260	39.70940879	1	4.61	16.4	0	10.53	22	0.335471	0.9951	0.040091053	0.0366436	26944413	0.006537193	19.64558272	29635.30667	11125962.12	1.376E+11	137600.3003
26	BGR	Bulgaria	BGR	Bulgaria	Label	Sofia	BGR	85	4.442651256	147	4.990432587	0.816	490.67	66199.18027	42	7051.608	561685	0.189533	87.1	2.857587621	3.319070739	3823	18996.76	86	3.83	373045	36.8876837	NA	34.69	2.5	41	87.18	11	0.321425	0.989	0.17	0.047864889	5570040	0.001762085	8.178956173	NA	2237660.089	1.11137E+11	111137.4087
27	BHR	Bahrain	BHR	Bahrain	Label	Manama	BHR	9	2.197224577	9	2.197224577	0.838	452.36	37876.30243	36	1569.446	NA	NA	98	0.578061115	7.48893949	0.604	135.21	0	2.819	610	0	1	6.7	0	0	0	0	0	0	0.034928571	0.133464333	6944	0	0	NA	301775.8715	676098632.3	676.0986323
28	BHS	Bahamas	BHS	Bahamas	Label	Nassau	BHS	45	3.80666249	29	3.36729583	0.805	NA	12424.5	65	385.637	NA	0.296026667	85.4	9.546470579	6.840018053	515	0	0	2.917	0	0	NA	31.2	0	0	2.04	99	0.317514	0.9996	0.111680384	0.058360286	50574	0.00358729	2.069170078	NA	6962277.27	13400531329	13400.53133
29	BIH	Bosnia and Herzegovina	BIH	Bosnia and Herzegovina	Label	Sarajevo	BIH	18	2.890371758	7	1.945910149	0.769	NA	19781.95002	38	3323.925	1495526	0.348178667	91.2	1.633613152	3.120152087	2185	6329.8	300	2.795	93685	0	1	1.45	2.5	0	12	54	0.188062	0.9922	0.018924107	0.044188556	4152200	0.000218401	7.831457637	NA	1592128.208	51210911095	51210.91109
30	BLM	Saint Barthélemy	FRA	Saint Barthélemy (Fr.)	Label	 	BLM	0	0	0	0	0	NA	0	0	9.816	NA	NA	105.2	0	0	0	0	0	2.725	0	0	NA	35.86	0	0	33.33	0	0.00789038	0	0.17	0.076007333	0	0.000117862	0	NA	26836.29397	21791782.31	21.79178231
31	BLR	Belarus	BLR	Belarus	Label	Minsk	BLR	15	2.708050201	17	2.833213344	0.817	NA	59662.25354	44	9452.617	8278669	0.378346333	86.1	3.637041892	5.08601711	8633.5	18188.53	869	NA	456100	0	1	9.51	2.5	0	0	29	0.243626	0.9942	0.123419685	0.01872575	19568000	0.003721882	5.809615591	NA	3639129.174	2.07215E+11	207214.8936
32	BLZ	Belize	BLZ	Belize	Label	Belmopan	BLZ	84	4.430816799	37	3.610917913	0.72	NA	1871.203164	0	383.071	197122	0.634341333	94.1	0	0	1366.3	12432.66	0	3.848	7193	40.81432814	1	37.68	6.2	0	0	86	0.464076	0.9571	0.169788162	0.114269143	167000	0.007018839	2.857831677	1703.373333	1552179.476	22510618069	22510.61807
33	BMU	Bermuda	GBR	Bermuda (UK)	Label	Hamilton	BMU	26	3.258096538	11	2.397895273	0	NA	6351.4	0	62.756	NA	0.1371252	86	0.130948795	5.767768678	1	0	0	4.186	0	0	NA	5.52	2.5	0	50	0	0.00023933	0	0.17	0.135975	0	0	0	NA	129321.7508	63602596.42	63.60259642
34	BOL	Bolivia (Plurinational State of)	BOL	Bolivia (Plurinational State of)	Label	La Paz  (adm.)	BOL	217	5.379897354	170	5.135798437	0.703	NA	40287.64793	29	11353.142	890375	0.499290667	82.5	16.73263167	2.962567753	54764	31417.21	72754	NA	23700	65.64702408	NA	30.87	15.9	0	26.79	56	0.51402	0.9833	0.146201672	0.022362571	3367208	0.002577053	2.595124028	81149.24667	7244129.582	1.09001E+12	1090012.876
35	BRA	Brazil	BRA	Brazil	Label	Bras¡lia	BRA	3017	8.012018239	3935	8.277666161	0.761	408.76	1868613.092	35	209469.323	6176239	0.619249333	86.9	9.078978338	3.111643597	493538	658880.73	237719	3.011	3871997	53.81813454	NA	28.94	2.5	0	24.39	33	0.631132	0.9635	0.151937869	0.019556714	267653000	0.004281252	3.354866083	674365	36347779.97	8.53522E+12	8535224.706
36	BRB	Barbados	BRB	Barbados	Label	Bridgetown	BRB	26	3.258096538	22	3.091042453	0.813	NA	5086.693295	68	286.641	NA	NA	92.9	0.188089549	4.475031407	6.3	163.1	0	4.288	454	12.52534487	NA	1.35	2.5	0	0	0	0.0121805	0	0.047004322	0.0927374	10878	0.000372619	0	NA	94293.03177	442000276	442.000276
37	BRN	Brunei Darussalam	BRN	Brunei Darussalam	Label	Bandar Seri Begawan	BRN	8	2.079441542	43	3.761200116	0.845	NA	13566.91277	63	428.963	NA	0.723381667	98.9	2.871568604	4.058190959	380	181.34	0	3.006	243	0	1	46.87	2.5	0	16.67	0	0.220546	0.9863	0.169819916	0.0557886	118957	0.003327302	3.235441685	22.75333333	695360.9035	5938263616	5938.263616
38	BTN	Bhutan	BTN	Bhutan	Label	Thimphu	BTN	53	3.970291914	50	3.912023005	0.617	NA	2658.312058	68	754.388	NA	0.533975	97.5	5.270439333	4.844957693	2754.935	457.34	7	NA	986	0	1	48.01	0	4	8.7	54	0.407976	0.9977	0.169226918	0.051609	5184336	0.000289661	21.05061722	30.22666667	1124382.325	38839909846	38839.90985
39	BVT	Bouvet Island	NOR	Bouvet Island	Label	 	BVT	4	1.386294361	0	0	0	NA	0	0	0	NA	NA	0	0	0	0	0	0	3.574	0	0	NA	86.96	0	0	NA	0	0	0	0	0	0	0	0	NA	29733.81851	48586105.5	48.5861055
40	BWA	Botswana	BWA	Botswana	Label	Gaborone	BWA	81	4.394449155	89	4.48863637	0.728	398.47	18614.60473	61	2254.068	NA	NA	70.2	3.472217395	3.826143161	10840	3883.27	81	NA	21156	10.42646307	1	29.14	24.1	22	36.36	35	0.62671	0.9973	0.161991396	0.043695833	800906	0	2.284153169	NA	4167533.491	5.81025E+11	581024.8222
41	CAF	Central African Republic	CAF	Central African Republic	Label	Bangui	CAF	22	3.091042453	6	1.791759469	0.381	NA	2243.167109	26	4666.368	NA	0.419814	81.8	7.867536676	1.244390627	22170	10993.16	28000	NA	226	45.57521461	NA	18.06	47.7	0	62.5	69	0.520607	0.999	0.143060577	0.000423333	2545489	0.000580821	8.243351734	NA	5620974.391	6.23859E+11	623859.0997
42	CAN	Canada	CAN	Canada	Label	Ottawa	CAN	1684	7.428927195	5815	8.668196065	0.922	519.69	1712562.076	81	37074.562	54091054	0.406853333	94.9	16.00668995	8.171821234	347069	147348.34	27964	NA	2834601	85.05891799	1	9.69	2.5	0	2.47	13	0.430596	0.9874	0.121221789	0.0303347	153464371	0.006538281	1.504322186	147017.8	264242904.5	9.94368E+12	9943684.583
43	CCK	Cocos (Keeling) Islands	AUS	Cocos (Keeling) Is. (Aust.)	Label	West Island	CCK	4	1.386294361	0	0	0	NA	0	0	0	NA	0.2132959	0	0	0	0	0	0	3.806	0	0	NA	0	0	0	100	0	0	0	0	0.1666665	0	0	0	NA	67767.89385	18142825.44	18.14282544
44	CHE	Switzerland	CHE	Switzerland	Label	Bern	CHE	446	6.100318952	2861	7.958926493	0.946	543.83	705140.62	85	8525.611	606348	0.316334667	91	1.303122034	5.786640754	1254	2146.72	2023	NA	46827	41.74441635	1	9.65	2.5	30	NA	22	0.161753	0.9905	0.169990593	0.185851222	4709340	0.000500232	9.12984848	4152.426667	1769183.204	41273936965	41273.93696
45	CHL	Chile	CHL	Chile	Label	Santiago	CHL	568	6.342121419	808	6.694562059	0.847	455.97	298231.1335	67	18729.16	2303158	0.315523	88.4	3.631091803	4.358704002	17735	12734.53	0	2.278	247971	25.78477613	NA	18.4	2.5	0	7.75	12	0.42149	0.9922	0.114421548	0.04354675	58711789	0.005501442	1.083934146	53644.66667	64105749.77	7.55285E+11	755285.2265
46	CHN	China	CHN	China	Label	Beijing	CHN	4308	8.368229038	6510	8.781094735	0.758	554.72	13608151.86	39	1427647.786	888080	0.173479333	82.2	0.94219311	3.383028183	208321.3	1416454.32	2281101	3.5	30911140	27.74846253	1	17.08	9.3	1	33.47	28	0.600319	0.9814	0.122759347	0.0075548	338106497	0.003013606	9.97612578	3628577.333	45852642.32	9.36483E+12	9364825.207
47	CIV	Côte d'Ivoire	CIV	Côte d'Ivoire	Label	Yamoussoukro	CIV	0	0	0	0	0.516	NA	43028.05723	35	25069.23	NA	0.323262	92.2	1.779402608	1.273361206	10401	87158.07	8000	3.321	42941	62.68883521	1	22.88	13.3	0	11.76	25	0.345443	0.9547	0.169070943	0.007965167	11492542	0.010249186	4.71083907	NA	4026912.572	3.23838E+11	323837.7753
48	CMR	Cameroon	CMR	Cameroon	Label	Yaound‚	CMR	282	5.641907071	239	5.476463552	0.563	NA	38694.15976	25	25216.267	940945	0.558424667	91.1	1.68927266	1.168764938	18816	46235.03	75000	2.35	24444	73.10416059	1	10.6	9.9	0	25	79	0.36371	0.9902	0.107844949	0.005639571	13508763	0.002510221	7.037801909	NA	5684492.21	4.68317E+11	468317.1513
49	COD	Democratic Republic of the Congo	COD	Democratic Republic of the Congo	Label	Kinshasa	COD	0	0	0	0	0.459	NA	47146.00369	20	84068.091	NA	0.710534	95.5	3.068712618	0.816664469	152578	30067.13	227700	3.756	12561	74.86531981	1	12.7	0	0	11.76	53	0.470749	0.9853	0.121359342	0.003632286	85899854	0.004657725	6.196203711	NA	10893718.2	2.34487E+12	2344870.425
50	COG	Congo	COG	Congo	Label	Brazzaville	COG	215	5.370638028	120	4.787491743	0.609	NA	14173.18832	19	5244.359	2625003	0.666078	86.1	10.91347606	1.285698754	22334	2210.57	37320	2.607	291	66.77399142	1	40.59	30.5	0	44.44	31	0.421233	0.9955	0.16286402	0.003700714	3539990	0.001811862	6.572228909	NA	5478276.982	3.44739E+11	344739.1581
51	COK	Cook Islands	NZL	Cook Islands (NZ)	Label	Avarua	COK	11	2.397895273	4	1.386294361	0	NA	362.713891	0	17.518	NA	0.272484333	0	0	0	15.1	276.14	0	3.412	7	0	NA	1.55	0	0	0	0	0.000071643	0	0.02230113	0.0113225	5000	0	0	NA	357710.0069	250229022.5	250.2290225
52	COL	Colombia	COL	Colombia	Label	Bogot 	COL	358	5.880532986	586	6.37331979	0.761	413.67	330227.8696	36	49661.048	144025	0.748455333	88.4	3.596935389	1.873665896	58501.74	66645.45	315073	NA	608883	17.95908877	1	14.16	8.8	0	8.78	58	0.442898	0.9792	0.143266769	0.042248429	12753000	0.001720106	3.870213374	118037.8467	10393683.44	1.14567E+12	1145668.538
53	COM	Comoros	COM	Comoros	Label	Moroni	COM	10	2.302585093	8	2.079441542	0.538	NA	1165.690421	27	832.322	NA	0.364238667	96.9	0.324344181	1.027658601	37	7258.39	0	4.004	0	0	1	10.17	0	0	0	0	0.0452657	0.9732	0.122712014	0.102186667	319012	0.003186292	0.98230356	NA	407017.1763	1681629919	1681.629919
54	CPV	Cabo Verde	CPV	Cabo Verde	Label	Praia	CPV	27	3.295836866	14	2.63905733	0.651	NA	1976.814723	57	543.767	NA	0.0213319	98.6	0.621189748	2.521763143	89.903	5218.35	0	4.146	0	0	1	2.6	9.4	0	0	99	0.0939878	0.9999	0.043443524	0.126114667	207149	0	0.957383245	NA	1003007.646	4079546709	4079.546709
55	CRI	Costa Rica	CRI	Costa Rica	Label	San Jos‚	CRI	599	6.395261598	334	5.811140993	0.794	422.54	60126.01483	56	4999.441	46677	0.574671	94.2	1.530589372	2.843098991	2756	6829.12	1000	NA	89729	13.69041521	1	27.6	2.5	0	4.17	79	0.321152	0.9818	0.168065863	0.108464714	4592876	0.000843231	3.25770289	NA	2423917.592	51515863601	51515.8636
56	CUB	Cuba	CUB	Cuba	Label	Havana	CUB	476	6.165417854	111	4.709530201	0.778	NA	100023	47	11338.134	NA	0.369767667	85.7	0.763087701	1.954404163	3200	20521.98	1800	3.352	99687	44.37630739	1	16.55	2.5	0	28.57	48	0.335164	0.9971	0.134584621	0.047689714	1702000	0.001675376	2.656188339	NA	9202882.354	1.11927E+11	111927.3379
57	CUW	Curaçao	NLD	Curaçao (Neth.)	Label	Willemstad	CUW	0	0	0	0	0	NA	3127.908038	0	162.752	NA	NA	0	0	0	0	0	0	4.33	0	0	NA	15.52	0	0	0	0	0.0491134	0	0.169923637	0.040511833	0	0.000171634	0	NA	144224.7542	449978301	449.978301
58	CXR	Christmas Island	AUS	Christmas Is. (Aust.)	Label	The Settlement	CXR	14	2.63905733	4	1.386294361	0	NA	0	0	0	NA	0.294931667	0	0	0	0	0	0	3.896	0	0	NA	61.8	0	0	0	0	0.0956724	0	0	0.1640625	17	0	0	NA	72461.74532	138041133.5	138.0411335
59	CYM	Cayman Islands	GBR	Cayman Islands (UK)	Label	George Town	CYM	5	1.609437912	6	1.791759469	0	NA	5485.221941	0	64.174	NA	0.365352333	99.3	0.315528066	5.649751032	12.7	0	0	3.565	0	0	NA	10.72	0	0	20	0	0.0216416	0	0.17	0.071167	0	0.00000539	0	NA	189842.8702	279182162.2	279.1821622
60	CYP	Cyprus	CYP	Cyprus	Label	Nicosia	CYP	46	3.828641396	68	4.219507705	0.873	518	24962.78024	59	1189.265	NA	NA	85.8	0.341112226	4.212652729	172.7	1643.42	20	NA	7150	22.7174655	NA	18.65	2.5	18	17.65	0	0.17306	0.9736	0.169236605	0.031343286	8810	0.000227916	3.066522896	1773.01	783362.5405	9012966278	9012.966278
61	CZE	Czechia	CZE	Czechia	Label	Prague	CZE	260	5.560681631	1169	7.063903961	0.891	516.2	245225.8829	59	10665.677	49902	0.331841667	87.3	2.455170511	5.186767413	2667	11142.64	3841	NA	328627	50.10433997	1	21.69	2.5	64	45	20	0.335422	0.9913	0.17	0.116562222	15476000	0.002612088	10.81198522	10117.18	2117108.657	78787729678	78787.72968
62	DEU	Germany	DEU	Germany	Label	Berlin	DEU	1172	7.06646697	7277	8.892473968	0.939	524.26	3949548.834	80	83124.418	1055073	0.302368	88.3	2.272419706	5.296289194	11419	60114.52	21349	NA	1822800	72.84392229	1	37.68	2.5	75	32.9	16	0.282889	0.9907	0.17	0.333059778	54356180	0.001032167	13.36922413	90076.59333	6981851.85	3.57017E+11	357016.6768
63	DJI	Djibouti	DJI	Djibouti	Label	Djibouti	DJI	4	1.386294361	1	0	0.495	NA	2923.362593	31	958.923	NA	NA	82	0	0	5.6	37.15	0	2.894	0	0	1	1.57	15.9	0	0	1	0	0.9939	0.013107163	0.009726667	378927	0	3.385154208	NA	928261.2016	21819060620	21819.06062
64	DMA	Dominica	DMA	Dominica	Label	Roseau	DMA	32	3.465735903	21	3.044522438	0.724	NA	550.892593	57	71.625	NA	0.690691333	95.1	1.0344477	2.572836917	43.33	363.65	0	3.761	46	61.6232556	1	22.06	0	0	0	5	0.164133	0	0.16909101	0.129089167	7525	0.0000262	0	NA	140103.4301	771099511.6	771.0995116
65	DNK	Denmark	DNK	Denmark	Label	Copenhagen	DNK	247	5.509388337	1696	7.436027816	0.93	534.18	355675.3109	88	5752.126	214059	0.260875333	83.3	4.778015358	5.507608817	612.2	7798.29	174	NA	178323	77.6757909	1	17.56	2.5	14	72.22	17	0.0696671	0.9956	0.17	0.39248675	3455651	0.003895078	8.066100141	7597.333333	5775884.227	43018275450	43018.27545
66	DOM	Dominican Republic	DOM	Dominican Republic	Label	Santo Domingo	DOM	16	2.772588722	3	1.098612289	0.745	337.71	81298.5854	30	10627.141	NA	0.398196	90.9	0.558443249	1.527871362	1983	10703.11	1234	3.401	43335	18.69613738	1	23.02	12.3	0	38.71	58	0.276387	0.9763	0.163970623	0.054626571	977885	0.005857169	2.392416702	NA	1789591.947	48519938166	48519.93817
67	DZA	Algeria	DZA	Algeria	Label	Algiers	DZA	73	4.290459441	71	4.262679877	0.759	375.14	173757.4875	35	42228.408	NA	0.051825567	83	0.58611699	2.115971704	1956	26214.77	0	3.035	266565	145.2546119	1	7.5	2.5	0	27.12	83	0.545666	0.9871	0.091678409	0.002129333	8598808	0.004663948	1.518909942	49969.33333	7776044.845	2.31708E+12	2317083.041
68	ECU	Ecuador	ECU	Ecuador	Label	Quito	ECU	394	5.976350909	399	5.988961417	0.758	414.71	108398.058	34	17084.358	55544	0.638957333	89.8	2.203767387	2.171272205	12547.876	25355.57	105	3.721	193904	24.01221622	1	20.03	10.9	0	11.2	85	0.405378	0.9828	0.145150778	0.053871429	7431536	0.001586019	3.431780538	19321.32	5662049.098	2.57731E+11	257731.1451
69	EGY	Egypt	EGY	Egypt	Label	Cairo	EGY	193	5.262690189	171	5.141663557	0.7	397.83	249751.0816	35	98423.598	NA	NA	84.6	0.555668708	2.145986091	73	72554.35	241179	NA	1311130	44.79425978	1	13.14	2.5	0	30.77	57	0.489805	0.998	0.081682021	0.008221833	17960905	0.000205072	2.378846945	26004.66667	7020512.415	9.83444E+11	983443.8446
70	ERI	Eritrea	ERI	Eritrea	Label	Asmara	ERI	12	2.48490665	7	1.945910149	0.434	NA	6855.258985	24	3452.786	NA	0.021332067	88.6	1.297088076	0.420066653	1510	2178.57	0	3.266	466	0	1	4.87	0	0	13.33	0	0.325858	0.9982	0.041719479	0.005118833	1023031	0	3.620354054	NA	4626678.821	1.21104E+11	121103.954
71	ESH	Western Sahara	ESH	Western Sahara	Label	 	ESH	3	1.098612289	0	0	0	NA	0	0	567.402	NA	NA	83.6	0	0	707	0	0	NA	0	0	NA	5.69	0	0	NA	0	0.433728	0.9999	0	0.0070445	0	0	0.897632573	NA	3128156.864	2.69778E+11	269777.6933
72	ESP	Canary Islands	ESP	Canary Is. (Sp.)	Label	 	ESP	1549	7.34536484	4421	8.394121194	0.893	504.83	1419735.245	58	46692.858	247200	0.271306	82.2	1.24830548	3.670135763	18417.87	78577.89	6000	NA	1101895	44.04841629	NA	28.02	2.5	31	8.56	5	0.323558	0.9934	0.169961926	0.104331222	16093026	0.005936503	7.437408618	109288	1173754.336	7492216857	7492.216857
73	ESP	Spain	ESP	Spain	Label	Madrid	ESP	1549	7.34536484	4421	8.394121194	0.893	504.83	1419735.245	58	46692.858	247200	0.271306	82.2	1.24830548	3.670135763	18417.87	78577.89	6000	NA	1101895	44.04841629	NA	28.02	2.5	31	8.56	5	0.323558	0.9934	0.169961926	0.104331222	16093026	0.005936503	7.437408618	109288	6750961.356	4.98814E+11	498814.3173
74	EST	Estonia	EST	Estonia	Label	Tallinn	EST	180	5.192956851	442	6.091309882	0.882	542.42	30747.1592	73	1322.92	1264498	0.436763333	87.5	10.53289166	6.858584082	2232	2212.35	2654	3.18	35806	0	1	20.18	2.5	36	46.88	8	0.162927	0.9854	0.17	0.245440125	8000000	0.009630986	4.209733997	1144.666667	2819561.24	45232975117	45232.97512
75	ETH	Ethiopia	ETH	Ethiopia	Label	Addis-Ababa	ETH	499	6.212606096	433	6.070737728	0.47	NA	80292.45176	34	109224.414	NA	0.068469133	89.7	0.581265593	1.018860697	12499	146607.03	45519	NA	236081	116.415019	1	18.47	32	0	9.38	14	0.511914	0.997	0.139637629	0.010122714	109683244	0.000853504	4.696252265	NA	5622952.87	1.13622E+12	1136216.062
76	FIN	Finland	FIN	Finland	Label	Helsinki	FIN	697	6.546785411	1983	7.592366129	0.925	531.13	276878.3277	85	5522.576	1233604	0.432377667	94.2	13.43737755	5.86681005	22218	4089.3	29476	2.834	157904	62.49962903	1	14.94	2.5	64	19.59	68	0.308146	0.9743	0.163422922	0.092288125	57033450	0.007982346	2.546162426	3084.426667	11340688.8	3.34195E+11	334195.3796
77	FJI	Fiji	FJI	Fiji	Label	Suva	FJI	87	4.465908119	91	4.510859507	0.724	NA	5536.813268	0	883.483	85385	0.746627	102.1	2.373546274	2.897781814	1017.195	1652.16	2600	3.698	2739	0	NA	5.4	2.5	0	3.45	2	0.0836541	0.9924	0.082716911	0.023741	837000	0.001136333	0.502304178	NA	4023263.173	18394009453	18394.00945
78	FLK	Falkland Islands (Malvinas)	GBR	Falkland Islands (Malvinas) ***	Label	Stanley	FLK	0	0	0	0	0	NA	0	0	3.234	NA	NA	93.2	0	0	0	0	1	3.692	0	0	NA	0.49	0	0	0	0	0	0.9956	0.012758141	0.164694	771	0	1.458634098	NA	4737330.499	12016870803	12016.8708
79	FRA	France	FRA	France	Label	Paris	FRA	879	6.778784898	5328	8.580731212	0.891	499.18	2778892.247	72	64990.511	149700	0.246872333	85.3	3.105658701	5.14219428	16989	81842.2	1187	NA	2200034	77.86993545	1	26.03	2.5	13	26.91	10	0.344133	0.9924	0.169950915	0.112487	52793897	0.002222039	10.91356332	137240.1333	8457403.06	5.48991E+11	548990.5178
80	FRO	Faroe Islands	DNK	Faroe Islands (Denmark)	Label	T¢rshavn	FRO	9	2.197224577	8	2.079441542	0	NA	0	0	48.497	NA	NA	93.6	0	0	0.083	0	0	4.091	0	0	NA	2.34	2.5	0	15.79	0	0	0.9996	0.026848468	0.0782472	0	0	0	NA	929384.2151	1411092411	1411.092411
81	FSM	Micronesia (Federated States of)	FSM	Micronesia (Federated States of)	Label	Palikir	FSM	0	0	0	0	0.614	NA	371.3024	0	112.64	NA	0.250893667	0	0	0	64.265	370.42	5	3.849	0	0	NA	4.28	0	0	0	0	0	0	0.064319362	0.005011	2574	0	0	NA	711353.1218	696959207.1	696.9592071
82	GAB	Gabon	GAB	Gabon	Label	Libreville	GAB	75	4.317488114	53	3.970291914	0.702	NA	16994.07721	31	2119.275	2033627	0.632520333	84.3	26.30889585	2.016298576	23000	2240.64	11000	2.264	1831	66.15790703	NA	20.14	2.5	0	50	58	0.409853	0.9977	0.161664706	0.005833714	3270000	0.001031655	5.546880676	NA	4212788.738	2.6479E+11	264790.3057
83	GBR	United Kingdom of Great Britain & Northern Ireland	GBR	United Kingdom of Great Britain & Northern Ireland	Label	London	GBR	2119	7.658699558	10323	9.242129694	0.92	515.8	2855296.732	80	67141.684	1589518	0.224365	81	1.315647389	4.940476624	3144	23615.59	747	3.727	1049000	59.91787193	1	28.24	2.5	16	NA	7	0.30722	0.9947	0.16999973	0.109039	11184042	0.006493162	7.847517712	35856.36667	17093316.28	2.43929E+11	243929.3773
84	GEO	Georgia	GEO	Georgia	Label	Tbilisi	GEO	210	5.347107531	777	6.65544035	0.786	459.68	17599.60227	58	4002.942	NA	0.280478	90.3	1.167793452	1.578906972	2822.4	3852.59	20	2.175	61100	0	1	8.33	7.4	0	0	85	0.214385	0.9969	0.113068741	0.02051	592397	0.0000136	4.753683742	NA	2138287.821	69726486859	69726.48686
85	GGY	Guernsey	GBR	Guernsey (UK)	Label	 	GGY	2	0.693147181	1	0	0	NA	0	0	0	NA	0.225855	85.6	0	0	0.2	0	0	NA	0	0	NA	1.17	0	0	NA	0	0.0192701	0	0.15372048	0.070908875	0	0	0	NA	82723.79647	80038642.65	80.03864265
86	GHA	Ghana	GHA	Ghana	Label	Accra	GHA	303	5.713732806	288	5.66296048	0.596	NA	65534.7873	41	29767.102	3367	0.359653	91.9	1.34961289	1.972310989	9337	45916.06	90000	2.854	38177	112.5648252	1	15.06	2.5	0	67.5	15	0.284276	0.9896	0.153463938	0.037360667	44911574	0.008253325	4.95859094	NA	2853563.607	2.40375E+11	240375.3529
87	GIB	Gibraltar	GBR	Gibraltar (UK)	Label	Gibraltar	GIB	37	3.610917913	4	1.386294361	0	NA	0	0	33.718	NA	NA	79.3	0	0	0	0	0	NA	0	0	NA	26.67	2.5	0	0	0	0.139674	0	0.17	0.093204857	0	0	0	NA	12764.26554	5724194.964	5.724194964
88	GIN	Guinea	GIN	Guinea	Label	Conakry	GIN	353	5.866468057	119	4.779123493	0.466	NA	11639.60301	28	12414.293	NA	0.184912667	92.1	2.092513152	1.407758197	6364	31703.65	26000	2.618	2617	77.88820873	1	30.68	16.4	0	56	23	0.221724	0.9887	0.15183629	0.004930833	12824531	0.019831766	4.164130911	NA	4868790.003	2.4656E+11	246560.3386
89	GLP	Guadeloupe	FRA	Guadeloupe (Fr.)	Label	 	GLP	15	2.708050201	30	3.401197382	0	NA	0	0	399.848	NA	0.539609	92.1	0.451865887	3.226643161	71.496	0	0	4.01	0	0	NA	72.8	0	0	54.55	0	0.332193	0.9411	0.169878854	0.119289333	15300	0.000753469	0.903540194	NA	395094.831	1686826309	1686.826309
90	GMB	Gambia	GMB	Gambia	Label	Banjul	GMB	50	3.912023005	12	2.48490665	0.466	NA	1632.821652	37	2280.094	NA	NA	95.4	0.824636138	1.032328842	488	2065.25	3900	2.117	801	66.53847649	1	4.11	5.3	0	0	100	0.205766	0.9934	0.056831854	0.0703786	845097	0.002200674	2.267209053	NA	1086097.217	10689553486	10689.55349
91	GNB	Guinea-Bissau	GNB	Guinea-Bissau	Label	Bissau	GNB	0	0	0	0	0.461	NA	1458.868351	16	1874.303	NA	NA	93.3	3.02645393	1.534994348	1972	4412.74	150	2.14	0	0	1	16.66	20.7	0	12.5	37	0.351235	0.9795	0.132623715	0.0160948	2884099	0.011834589	2.795469308	NA	2917322.453	34150551602	34150.5516
92	GNQ	Equatorial Guinea	GNQ	Equatorial Guinea	Label	Malabo	GNQ	26	3.258096538	9	2.197224577	0.588	NA	13324.35717	16	1308.975	NA	0.716225667	98	4.404802681	3.969690175	1568	959.51	1000	3.579	0	0	1	19.27	0	0	100	58	0.366058	0.988	0.169118132	0.010273714	822843	0.002813461	6.068938573	NA	1000743.106	27157692857	27157.69286
93	GRC	Greece	GRC	Greece	Label	Athens	GRC	419	6.03787092	828	6.719013154	0.872	477.87	218138.8313	45	10522.246	NA	0.142620333	85	1.606469236	4.38067593	4054	14216.86	940	3.237	272011	74.49534028	1	34.96	2.5	33	38.74	2	0.325853	0.9931	0.17	0.045954667	1432000	0.001045611	5.816152597	17040.77333	12938180.23	1.3252E+11	132519.8012
94	GRD	Grenada	GRD	Grenada	Label	Saint George's	GRD	7	1.945910149	9	2.197224577	0.763	NA	1168.696172	52	111.454	NA	0.567807333	101.8	1.963953731	2.975808268	16.99	781.32	0	3.582	0	0	1	9.37	0	0	22.22	58	0.0649708	0	0.072768992	0.083679167	0	0.000234735	0	NA	108211.4121	325897997.2	325.8979972
95	GRL	Greenland	DNK	Greenland (Denmark)	Label	Nuuk	GRL	97	4.574710979	59	4.077537444	0	NA	3051.617311	0	56.564	NA	NA	99.3	0	0	0.22	0	0	3.578	0	0	NA	41.12	2.5	0	16.36	0	0.835442	1	0.136840496	0.0013595	0	0	0.361664997	NA	87001138.66	2.15344E+12	2153436.206
96	GTM	Guatemala	GTM	Guatemala	Label	Guatemala	GTM	62	4.127134385	34	3.526360525	0.651	389.02	78460.81216	27	17247.849	497968	0.527191667	95.7	0.987184404	1.886453351	3540	22552.31	2360	NA	156185	33.68599006	1	31.75	15.6	5	15.38	83	0.489214	0.9275	0.126422925	0.088715714	20158523	0.007038094	4.03802366	40215.7	2094947.752	1.09549E+11	109549.3604
97	GUF	French Guiana	FRA	French Guiana (Fr.)	Label	Cayenne	GUF	115	4.744932128	68	4.219507705	0	NA	0	0	282.938	NA	1.044576	96.8	111.3502725	2.335954744	8130	0	0	3.208	0	0	NA	52.96	0	0	31.25	0	0.624421	0.9953	0.160345046	0.008529833	219956	0.000351291	2.173555727	NA	1726785.878	84178035635	84178.03564
98	GUM	Guam	USA	Guam (USA)	Label	Agana	GUM	26	3.258096538	43	3.761200116	0	NA	0	0	165.768	NA	0.253050333	0	0	0	25	0	0	4.5	0	0	NA	21.92	0	0	50	0	0.0859179	0	0.169999958	0.08005	0	0	0	NA	153101.5844	561332769.4	561.3327694
99	GUY	Guyana	GUY	Guyana	Label	Georgetown	GUY	48	3.871201011	29	3.36729583	0.67	NA	3817.71758	37	779.006	NA	0.946309667	94.8	66.57866808	3.066242014	16526	2402.21	22063	3.322	12119	48.97773362	1	8.74	10.6	0	NA	20	0.554175	0.9963	0.066321126	0.023739429	1460530	0.000688785	2.044296795	786.45	3929542.841	2.1294E+11	212940.4993
100	HKG	"Hong Kong, SAR CHINA"	CHN	"Hong Kong, SAR China"	Label	Hong Kong	HKG	186	5.225746674	433	6.070737728	0.939	605.4	362682.0182	76	7371.73	NA	0.356761667	0	0	0	0	0	0	3.576	5669	0	NA	41.9	0	0	NA	0	0.149495	0.993	0.169998672	0	0	0	0	114	697608.2873	1087594514	1087.594514
101	HMD	Heard Island and McDonald Islands	AUS	Heard Isl. & McDonald Is. (Aust.)	Label	 	HMD	0	0	0	0	0	NA	0	0	0	NA	NA	0	0	0	0	0	0	3.832	0	0	NA	99.95	0	0	NA	0	0	0	0	0	0	0	0	NA	133662.0051	379471560.8	379.4715608
102	HND	Honduras	HND	Honduras	Label	Tegucigalpa	HND	49	3.891820298	25	3.218875825	0.623	NA	23969.85788	29	9587.522	20164	0.524274333	92.8	1.770902585	1.679273575	4592	11585.84	100	NA	73363	27.07645321	NA	28.44	12.2	0	14.29	66	0.456867	0.9493	0.158398383	0.063964857	8926336	0.006490873	3.048923512	14389.82	2886567.178	1.13368E+11	113367.6666
103	HRV	Croatia	HRV	Croatia	Label	Zagreb	HRV	102	4.624972813	197	5.283203729	0.837	491.55	60991.1831	48	4156.405	2039223	0.278409	88.2	2.802480128	3.923028482	1922	4940.49	444	2.932	102943	0	1	38.11	2.5	33	27.12	18	0.252085	0.9926	0.16999056	0.059246444	5925949	0.001097783	7.526849393	4071.76	6215242.389	56462137675	56462.13768
104	HTI	Haiti	HTI	Haiti	Label	Port-au-Prince	HTI	16	2.772588722	8	2.079441542	0.503	NA	9287.266225	20	11123.178	NA	0.383886667	86.5	0.265825887	0.605370777	97	10161.4	600	3.053	0	0	NA	0.27	53.4	0	0	94	0.0733269	0.9626	0.039319838	0.049486286	2318234	0.003596606	2.317200452	NA	2273183.732	27095935972	27095.93597
105	HUN	Hungary	HUN	Hungary	Label	Budapest	HUN	221	5.398162702	553	6.315358002	0.845	522.5	157882.9128	46	9707.499	304273	0.118405233	84.3	2.171781475	2.919642046	2069	19878.82	9937	NA	310840	73.29415101	1	22.6	2.5	27	22.22	3	0.221538	0.9923	0.17	0.046464778	5798162	0.005386505	8.404408201	16571.04667	2089999.848	92963515705	92963.51571
106	IDN	Indonesia	IDN	Indonesia	Label	Jakarta	IDN	675	6.514712691	686	6.530877628	0.707	396.71	1042173.303	38	267670.543	2681500	0.701481667	95	1.257207862	1.577156966	91010	595076.61	458631	NA	2909406	42.46436689	NA	11.87	7.6	1	5.23	40	0.359194	0.9644	0.131870755	0.0102784	113019897	0.0108614	5.114833506	NA	81455786.45	1.90094E+12	1900943.257
107	IMN	Isle of Man	GBR	Isle of Man (UK)	Label	 	IMN	10	2.302585093	3	1.098612289	0	NA	0	0	84.077	NA	0.232288	0	0	0	0	0	0	NA	0	0	NA	3.78	0	0	NA	0	0.0467556	0	0.009769593	0	0	0	0	NA	143593.1728	572120567.6	572.1205676
108	IND	India	IND	India	Label	New Delhi	IND	2421	7.791935957	2639	7.878155337	0.647	NA	2779351.533	41	1352642.28	754911	0.158722333	88.9	0.453955945	1.159269349	70682	1566000.27	1346104	2.895	16934923	31.57768848	1	5.97	15.2	0	5.5	21	0.296451	0.9906	0.087283462	0.0503894	356689633	0.002991328	18.04398548	NA	24195703.06	2.99368E+12	2993677.215
109	IOT	Chagos Archipelagio	GBR	Chagos Archipelagio **	Label	 	IOT	1	0	2	0.693147181	0	NA	0	0	0	NA	0.288184	0	0	0	0	0	0	NA	0	0	NA	100	0	0	100	0	0.047995	0	0	0.147324	0	0	0	NA	197323.2409	54589866.5	54.5898665
110	IRL	Ireland	IRL	Ireland	Label	Dublin	IRL	471	6.154858094	780	6.65929392	0.942	535.42	382674.3606	73	4818.69	446647	0.216389333	77.4	3.734609331	5.566191258	754.016	11475.8	78	3.234	296160	59.61445449	NA	14.44	2.5	37	66.15	0	0.135423	0.9979	0.169909578	0.3552715	2827986	0.005328333	4.897809607	5921.413333	6172574.52	69731655700	69731.6557
111	IRN	Iran (Islamic Republic of)	IRN	Iran (Islamic Republic of)	Label	Tehran	IRN	458	6.126869184	1146	7.044032897	0.797	433.92	473090.9681	28	81800.188	NA	0.032457733	87.7	0.899766873	2.785344011	10691.98	114876.23	88047	NA	261815	46.10185636	1	8.61	2.5	0	27.78	4	0.352582	0.9972	0.077497568	0.0161354	782000	0	3.222637671	27419.22	10263158.22	1.68286E+12	1682856.357
112	IRQ	Iraq	IRQ	Iraq	Label	Baghdad	IRQ	39	3.663561646	21	3.044522438	0.689	NA	212271.8071	18	38433.6	NA	0.0312834	89.9	0.285823866	1.880089671	825	48330.63	22848	2.997	146540	33.16197143	1	1.54	22.8	0	0	0	0.256119	0.9987	0.008044403	0.0126578	177000	0	3.688729375	4325.2	3806071.706	4.38178E+11	438177.6061
113	ISL	Iceland	ISL	Iceland	Label	Reykjav¡k	ISL	67	4.204692619	115	4.744932128	0.938	511.8	25882.21878	76	336.713	NA	0.118297033	84.5	0	0	49.2	236.84	201	3.852	10793	0.249380344	NA	17.44	2.5	50	0	0	0.374122	1	0.137718492	0.119627	3640	0	2.260231519	6.286666667	5814275.335	1.02243E+11	102243.3908
114	ISR	Israel	ISR	Israel	Label	 	ISR	292	5.676753802	728	6.590301048	0.906	514.24	370587.9785	61	8381.516	NA	NA	81.2	0.353532513	6.21991266	165	3034.66	484	NA	39900	28.10073448	NA	19.94	2.5	0	4.17	0	0.2232	0.9845	0.103359878	0.0989168	27000	0.001740961	3.70711267	NA	1289941.442	20797954522	20797.95452
115	ITA	Italy	ITA	Italy	Label	Rome	ITA	1099	7.002155954	3496	8.159374737	0.883	500.75	2084882.364	52	60627.291	41444	0.178520667	87	1.076878263	4.609941788	9297	46273.54	3800	3.633	600000	56.310598	1	21.51	2.5	52	21.33	4	0.259014	0.9927	0.169968072	0.089365333	5758866	0.001515669	7.835218661	115868	8811150.632	3.01421E+11	301420.5821
116	JAM	Jamaica	JAM	Jamaica	Label	Kingston	JAM	50	3.912023005	40	3.688879454	0.726	NA	15713.91425	44	2934.847	NA	0.560163	95.2	0.430312182	1.890682828	335.2	2236.49	698	3.49	4745	25.97022112	1	15.91	8.1	0	7.89	89	0.176378	0.9689	0.169900634	0.072326857	680502	0.003778193	2.000550628	NA	726980.4	11085184179	11085.18418
117	JEY	Jersey	GBR	Jersey (UK)	Label	St. Helier	JEY	131	4.875197323	98	4.584967479	0	NA	0	0	0	NA	0.232331667	82.8	0	0	0.6	0	0	NA	0	0	NA	13.58	0	0	NA	0	0.0914257	0	0.166493042	0.065547	0	0.0000654	0	NA	63674.05922	119751225.9	119.7512259
118	JOR	Jordan	JOR	Jordan	Label	Amman	JOR	83	4.418840608	439	6.084499413	0.723	387.01	42230.98591	49	9965.318	NA	NA	85.2	0.21171263	2.098434509	97.5	12213.4	596	2.207	28475	43.99721849	1	1.73	2.5	0	0	91	0.263928	0.9947	0.04359767	0.042282	338087	0.000172398	3.119985956	NA	1733574.937	89405305446	89405.30545
119	JPN	Japan	JPN	Japan	Label	Tokyo	JPN	1012	6.91968385	2095	7.647308832	0.915	590.89	4971323.08	73	127202.192	393603	0.505768333	97.7	0.716328213	5.020801173	24958	24237.07	32868	3.485	400767	43.85337567	1	19.36	2.5	17	25.76	1	0.223976	0.979	0.168623691	0.0303122	21331171	0.00118032	7.266723835	107369.6	22800749.21	3.74313E+11	374312.9227
120	KAZ	Kazakhstan	KAZ	Kazakhstan	Label	Astana	KAZ	29	3.36729583	27	3.295836866	0.817	536.11	179339.9775	31	18319.618	NA	0.241235	65.3	3.40783714	5.548782307	3309	61798.2	41489	NA	63242	0	NA	3.28	2.5	0	5	52	0.311131	0.9981	0.04815428	0.0015936	340000	0.0000427	2.847397763	19047.82	14589485.97	2.83706E+12	2837064.348
121	KEN	Kenya	KEN	Kenya	Label	Nairobi	KEN	701	6.552507887	841	6.73459166	0.579	NA	87905.68168	27	51392.565	NA	0.112428967	80.2	0.512337139	1.034817287	4413	46358.44	162972	3.318	51686	46.24330566	NA	12.36	21.2	0	11.88	12	0.386559	0.9902	0.152251042	0.022881875	27432000	0.004704197	3.100387	NA	4626430.646	5.86731E+11	586730.5731
122	KGZ	Kyrgyzstan	KGZ	Kyrgyzstan	Label	Bishkek	KGZ	18	2.890371758	20	2.995732274	0.674	NA	8092.834219	29	6304.03	NA	0.088164833	77.9	1.300507908	1.906634527	637	6231.56	31	NA	26623	0	1	6.51	6	0	0	5	0.242563	0.9956	0.139003287	0.0095628	45920	0	3.559359508	730.2	4613915.694	1.98487E+11	198486.6177
123	KHM	Cambodia	KHM	Cambodia	Label	Phnom Penh	KHM	120	4.787491743	104	4.644390899	0.581	NA	24571.75358	20	16249.792	12746	0.306629333	95	1.092626357	1.207404851	9457	28028	488655	2	96366	79.05501177	1	26.03	14.2	0	6.67	55	0.427871	0.9508	0.168364903	0.041424	8186280	0.015063109	10.11345891	NA	3318724.737	1.82526E+11	182525.5398
124	KIR	Kiribati	KIR	Kiribati	Label	Tarawa	KIR	9	2.197224577	4	1.386294361	0.623	NA	188.524874	0	115.847	NA	0.145811667	0	0	0	12.15	663.35	0	NA	0	0	NA	22.37	2.5	0	34.78	100	0	0	0.147088098	0	3140	0	0.608511567	NA	1611935.018	939600362.9	939.6003629
125	KNA	Saint Kitts and Nevis	KNA	Saint Kitts and Nevis	Label	Basseterre	KNA	0	0	0	0	0.777	NA	1010.822222	0	52.441	NA	0.392723	98.1	0.623508262	4.936001072	11	13167.79	0	3.654	8	19.28394081	1	3.32	0	0	NA	0	0	0	0.169918956	0.076007333	0	0.0000721	0	2.993333333	115004.2282	277300878.8	277.3008788
126	KOR	Republic of Korea	KOR	Republic of Korea	Label	Seoul	KOR	163	5.093750201	626	6.439350371	0.906	607.23	1720488.934	57	51171.706	390568	0.398005667	96.9	0.680068554	5.688279577	6184	16098.34	9133	3.46	253658	31.37418252	NA	11.23	2.5	46	7.5	62	0.164148	0.9857	0.092437001	0.0515874	5179000	0.003230449	10.6620981	37289.33333	8847013.882	1.00789E+11	100789.2693
127	KWT	Kuwait	KWT	Kuwait	Label	Kuwait	KWT	26	3.258096538	30	3.401197382	0.808	372.3	141698.1437	41	4137.312	NA	NA	80.9	0.554108964	8.132762831	6.25	3393.7	0	3.153	0	0	NA	17.5	2.5	0	12.5	0	0.226363	0.9944	0.162054133	0.127782	19250	0	3.142315269	NA	1071957.464	17397664355	17397.66436
128	LAO	Lao People's Democratic Republic	LAO	Lao People's Democratic Republic	Label	Vientiane	LAO	12	2.48490665	2	0.693147181	0.604	NA	17953.80948	29	7061.507	317	0.511302333	100.5	1.618158289	1.21892174	18761.41	13132.91	62636	NA	0	91.26797389	1	16.68	18.5	0	6.67	87	0.374668	0.9374	0.157377347	0.0165448	9831357	0.014906715	8.574300124	114.9466667	5049250.505	2.31619E+11	231618.9166
129	LBN	Lebanon	LBN	Lebanon	Label	Beirut	LBN	46	3.828641396	65	4.17438727	0.73	454.42	56409.42387	28	6859.408	NA	NA	84.7	0.328119363	3.83953299	137.3	2063.74	20	3.479	16572	59.75542644	1	2.59	2.5	0	0	1	0.0839776	0.9897	0.068060024	0.056666667	25887	0.002661409	4.058742428	NA	704639.0241	10249101126	10249.10113
130	LBR	Liberia	LBR	Liberia	Label	Monrovia	LBR	23	3.135494216	11	2.397895273	0.465	NA	2121.563931	32	4818.973	NA	0.541842667	93.8	2.567880361	1.213120904	4179	4903.21	2200	2.871	0	0	1	2.49	31.9	0	0	95	0.302981	0.9612	0.038174009	0.005253667	8741818	0.01982052	4.006542184	NA	2381468.613	96585580954	96585.58095
131	LBY	Libya	LBY	Libya	Label	Tripoli	LBY	0	0	0	0	0.708	NA	34376.7722	17	6678.559	NA	NA	84.2	0	0	217	5642.46	0	2.462	0	19.18150584	NA	0.21	0	0	0	0	0.274492	0.9985	0.009094572	0	1115412	0.0000285	1.426707741	NA	6253149.917	1.62342E+12	1623417.777
132	LCA	Saint Lucia	LCA	Saint Lucia	Label	Castries	LCA	3	1.098612289	1	0	0.745	NA	1921.848232	55	181.889	NA	0.655138333	96	0.343670255	2.445866687	20.3	16.16	0	3.714	301	0	NA	18.8	0	0	NA	18	0.11377	0	0.169440334	0.1091985	9883	0.000141434	0	NA	126200.8691	621078180.3	621.0781803
133	LIE	Liechtenstein	LIE	Liechtenstein	Label	Vaduz	LIE	1	0	17	2.833213344	0.917	NA	6795.680127	0	37.91	NA	0.342821	94	0	0	6.9	0	0	NA	0	0	1	42.49	2.5	0	50	0	0.21844	0	0.17	0.252908778	20812	0.000145143	0	NA	72457.15544	159916091.3	159.9160913
134	LKA	Sri Lanka	LKA	Sri Lanka	Label	Sri Jayewardenepura Ko	LKA	161	5.081404365	156	5.049856007	0.78	NA	88941.88634	38	21228.763	14603	0.458425	96.9	0.440021639	1.324895863	2070	28233.66	67300	3.036	227403	32.65619838	1	29.86	22	5	12.9	4	0.273811	0.9818	0.139106331	0.0553408	5527061	0.001878936	4.292974246	2187.633333	2544109.151	66602833931	66602.83393
135	LSO	Lesotho	LSO	Lesotho	Label	Maseru	LSO	20	2.995732274	8	2.079441542	0.518	NA	2631.238867	41	2108.328	NA	NA	88.1	0.784885556	1.656824633	49	1295.34	52	NA	0	18.79053721	NA	0.26	11.2	0	0	98	0.159057	0.9962	0.020690962	0.064877125	2123509	0.000154404	5.63440462	334.16	1040786.745	30680488387	30680.48839
136	LTU	Lithuania	LTU	Lithuania	Label	Vilnius	LTU	72	4.276666119	154	5.036952602	0.869	523.24	53455.17003	59	2801.264	1083790	0.368351333	85	5.665002754	5.834783461	2180	8083.15	1437	3.449	101973	0	1	16.94	2.5	0	60.71	11	0.196468	0.9938	0.169890347	0.024500444	7351000	0.006761871	5.768018188	5080.726667	1758093.89	64739320486	64739.32049
137	LUX	Luxembourg	LUX	Luxembourg	Label	Luxembourg	LUX	19	2.944438979	79	4.369447852	0.909	508.88	70919.95802	81	604.245	21521	0.344466333	88.8	1.676186316	15.81747699	86.7	555.18	0	NA	24052	0	1	32.27	2.5	99	0	34	0.143434	0.9847	0.17	0.543536667	352692	0.003231787	15.36866379	NA	327193.5338	2593043542	2593.043542
138	LVA	Latvia	LVA	Latvia	Label	Riga	LVA	41	3.713572067	72	4.276666119	0.854	508.22	34426.04034	58	1928.459	1702655	0.426715333	86.9	9.552216128	6.289943495	3356	4510.28	226	3.244	75198	0	1	18.17	2.5	59	52.86	31	0.290232	0.9839	0.16830539	0.10427025	12885000	0.008675848	4.826299503	2709.506667	1846999.361	64361111879	64361.11188
139	MAC	"Macau, SAR CHINA"	CHN	"Macao, SAR China"	Label	Macau	MAC	7	1.945910149	42	3.737669618	0	561.9	54545.13415	0	631.636	NA	0.210590667	0	0	0	0	0	0	NA	7	0	NA	0	0	0	NA	0	0	0	0	0	0	0	0	124	37130.29672	24499361.18	24.49936118
140	MAF	Saint Martin	FRA	Saint Martin (Fr.)	Label	Basse-Terre	MAF	0	0	0	0	0	NA	0	0	37.264	NA	NA	105.4	0	0	1.144	0	0	2.967	0	0	NA	16.78	0	0	NA	0	0.022926	0	0.17	0.076007333	0	0	0	NA	56014.14464	55687499.59	55.68749959
141	MAR	Morocco	MAR	Morocco	Label	Rabat	MAR	111	4.709530201	116	4.753590191	0.676	380.75	117921.364	43	36029.093	NA	0.0379548	82.8	0.713602349	1.678405901	5632	37607.82	15006	NA	233016	108.7369603	1	30.81	2.5	0	14.02	1	0.553918	0.9871	0.166841553	0.025910571	7118711	0.001467835	2.572276758	NA	4079842.545	4.15258E+11	415257.5037
142	MCO	Monaco	MCO	Monaco	Label	Monaco	MCO	1	0	50	3.912023005	0	NA	7188.470101	0	38.682	NA	NA	88.2	0	0	0	0	0	NA	0	0	NA	62.5	2.5	0	NA	0	0	0	0.17	0.167531778	0	0	0	NA	8115.35245	2481593.176	2.481593176
143	MDA	Republic of Moldova	MDA	Republic of Moldova	Label	Chisinau	MDA	0	0	0	0	0.711	443.29	11309.11506	33	4051.944	NA	0.157868067	82.2	0.796908624	1.777825773	409	7573.51	50	NA	52000	0	1	4.15	2.5	0	0	69	0.082969	0.987	0.050567712	0.009302667	1371810	0.001392319	7.390467405	4725.47	1917230.345	33836804865	33836.80487
144	MDG	Madagascar	MDG	Madagascar	Label	Antananarivo	MDG	362	5.891644212	204	5.318119994	0.521	NA	13850.6541	25	26262.313	1298	0.171079667	83.6	2.630396173	0.988931508	12473	33499.81	25988	2.714	11357	104.7776406	1	5.25	33	0	33.62	52	0.226932	0.9327	0.108923507	0.035302	13774344	0.017606158	1.531952118	893.02	8953589.344	5.94859E+11	594859.2643
145	MDV	Maldives	MDV	Maldives	Label	Male	MDV	19	2.944438979	7	1.945910149	0.719	NA	5327.444249	31	515.696	NA	0.236973333	96.1	0	0	1	1897.24	0	4.298	277	0	1	0.98	5.2	0	0	0	0.00448584	0	0.044449796	0.0047	16048	0	0	NA	881746.7626	183923842.4	183.9238424
146	MEX	Mexico	MEX	Mexico	Label	M‚xico	MEX	1774	7.480992163	2158	7.676937146	0.767	443.36	1223400.956	28	126190.788	921387	0.250742	83.3	1.268807578	2.885494444	66040	124449.91	152712	NA	1361598	48.33102676	1	14.27	2.5	3	16.28	59	0.405318	0.9784	0.100545429	0.085252111	44203772	0.003716272	4.224084369	217443.3333	17592478.14	1.97258E+12	1972584.352
147	MHL	Marshall Islands	MHL	Marshall Islands	Label	Majuro	MHL	6	1.791759469	0	0	0.698	NA	214.194504	0	58.413	NA	0.186737033	0	0	0	12.636	103.61	0	3.444	0	0	NA	12.06	0	0	0	0	0.0089967	0	0.00000806	0.0102165	0	0	0	NA	1052668.588	200532038.5	200.5320385
148	MKD	North Macedonia	MKD	The former Yugoslav Republic of Macedonia	Label	Skopje	MKD	0	0	0	0	0.759	389	12628.85278	37	2082.957	NA	0.180806	83.9	1.509332379	3.260721873	998	1749.17	350	NA	19928	0	NA	9.65	2.5	0	9.38	96	0.285831	0.9842	0.135727054	0.043494222	655000	0.001003384	7.631311417	NA	836809.8534	25453745430	25453.74543
149	MLI	Mali	MLI	Mali	Label	Bamako	MLI	1782	7.485491608	435	6.075346031	0.427	NA	17171.81657	32	19077.749	NA	NA	81	1.577172091	1.529182839	4715	44220.73	92480	NA	121353	104.3539354	NA	8.23	2.5	0	29.41	93	0.435324	0.998	0.128503686	0.0006716	6111606	0.008134279	1.771035516	23.34	7990365.58	1.26165E+12	1261654.923
150	MLT	Malta	MLT	Malta	Label	Valletta	MLT	22	3.091042453	39	3.663561646	0.885	498	14549.12337	54	439.248	NA	NA	79.5	0	0	0.347	912.8	0	3.818	3936	39.74599241	1	23.69	2.5	0	33.33	0	0.0345295	0	0.17	0.025839714	0	0	0	NA	128447.1452	315570953.3	315.5709533
151	MMR	Myanmar	MMR	Myanmar	Label	Yangon	MMR	80	4.382026635	61	4.110873864	0.584	NA	72744.98793	29	53708.32	NA	0.405317667	97.1	1.841438608	1.431301218	29041	104956.4	863450	2.946	159383	95.20490718	1	7.17	14.2	0	16.26	16	0.396303	0.9785	0.073674491	0.0200548	44286000	0.006843325	11.60119151	7684.253333	20348116.13	6.70382E+11	670382.4448
152	MNE	Montenegro	MNE	Montenegro	Label	Podgorica	MNE	21	3.044522438	39	3.663561646	0.816	441.38	5506.944403	45	627.809	NA	0.385466	88.6	3.244982986	3.783882653	827	0	662	3.001	1280	0	1	4.06	2.5	25	0	40	0.203438	0.9838	0.15936687	0.066655556	968000	0.000293562	7.815499401	NA	899635.2098	13905444398	13905.4444
153	MNG	Mongolia	MNG	Mongolia	Label	Ulaanbaatar	MNG	348	5.85220248	202	5.308267697	0.735	NA	13009.57488	37	3170.216	NA	0.152884	61.3	15.65734218	6.081880321	12552.8	19423.53	63	NA	18495	11.56909306	1	17.4	20.5	0	16.18	78	0.434887	0.9959	0.146653773	0.0051495	762000	0.001746819	5.889200318	NA	8470572.255	1.56426E+12	1564255.036
154	MNP	Northern Mariana Islands	USA	Northern Mariana Is. (USA)	Label	Saipan	MNP	2	0.693147181	2	0.693147181	0	NA	0	0	56.882	NA	0.262311667	0	0	0	29.496	0	0	4.5	0	0	NA	7.58	0	0	30.77	0	0.0259834	0	0.042571103	0.046018333	0	0	0	NA	331247.3559	476928253	476.928253
155	MOZ	Mozambique	MOZ	Mozambique	Label	Maputo	MOZ	115	4.744932128	65	4.17438727	0.446	NA	14716.75721	23	29496.004	49132	0.11799	85.7	2.062178493	0.868013431	37940	23347.55	104181	3.163	47763	97.31161491	1	21.59	25.3	0	27.78	25	0.503852	0.994	0.145094343	0.020368571	18708000	0.006272466	1.968104238	NA	10782828.03	7.91013E+11	791012.6736
156	MRT	Mauritania	MRT	Mauritania	Label	Nouakchott	MRT	20	2.995732274	13	2.564949357	0.527	NA	7619.664385	27	4403.313	NA	NA	81	4.475215208	2.543085134	224.5	4795.73	15000	2	0	0	1	0.62	5.6	0	10	94	0.393351	0.9963	0.014297413	0.0021076	2009133	0	1.012268107	52.82	6245910.322	1.04186E+12	1041855.225
157	MSR	Montserrat	GBR	Montserrat (UK)	Label	Plymouth	MSR	3	1.098612289	77	4.343805422	0	NA	63.67881	0	4.993	NA	0.473683667	91.4	0	0	2.5	0	0	4.5	0	0	NA	10.92	0	0	0	0	0	0	0.17	0.0508475	0	0.0000322	0	NA	45051.14482	103083182.2	103.0831822
158	MTQ	Martinique	FRA	Martinique (Fr.)	Label	Fort-de-France	MTQ	14	2.63905733	22	3.091042453	0	NA	0	0	375.673	NA	0.532398667	95.9	0.385152287	2.082356458	48.5	0	0	3.485	0	0	NA	69.14	0	0	80	0	0.252704	0.9911	0.169999378	0.138888833	12410	0.000422936	0	NA	263353.8116	1148953191	1148.953191
159	MUS	Mauritius	MUS	Mauritius	Label	Port Louis	MUS	35	3.555348061	40	3.688879454	0.796	NA	14220.32772	51	1267.185	NA	0.309231333	91.4	0.706962934	3.455172181	38.6	838.3	0	3.538	8125	16.00103129	1	4.75	2.5	33	0	72	0.089103	0.9791	0.091960828	0.0299605	2540	0	0	4311.333333	450751.3978	2022007729	2022.007729
160	MWI	Malawi	MWI	Malawi	Label	Lilongwe	MWI	146	4.983606622	103	4.634728988	0.485	NA	7196.170816	32	18143.217	NA	0.057724367	90.9	0.660554299	0.80759978	3147	19759.05	147889	NA	111754	91.29834452	1	16.89	20.7	0	60	58	0.372889	0.9952	0.159221477	0.012418143	7060730	0.007087021	2.287237803	3089.406667	3120155.806	1.19442E+11	119441.6529
161	MYS	Malaysia	MYS	Malaysia	Label	Kuala Lumpur	MYS	478	6.169610732	657	6.487684018	0.804	474.05	358579.2653	47	31528.033	675810	0.693529	96.6	2.410127973	3.707663139	22195	102146.13	5937	NA	508396	9.334134113	1	19.14	2.5	13	3.51	27	0.275483	0.9161	0.158337496	0.0336978	20405075	0.015432687	5.397634745	NA	10026442.19	3.31975E+11	331975.2896
162	MYT	Mayotte	FRA	Mayotte (Fr.)	Label	Mamoudzou	MYT	12	2.48490665	12	2.48490665	0	NA	0	0	259.531	NA	0.195996667	95.5	0	0	5.82	0	0	3.007	0	0	NA	12.11	0	0	0	0	0.00932647	0	0.17	0.046052667	26650	0.000538757	0	NA	208317.3914	388520864	388.520864
163	NAM	Namibia	NAM	Namibia	Label	Windhoek	NAM	103	4.634728988	93	4.532599493	0.645	NA	14518.59345	53	2448.301	152888	NA	67.8	6.882861299	2.482740312	6919	3700.48	4927	2.898	1076	0	1	37.89	42.3	33	57.89	42	0.614886	0.9909	0.167813574	0.0394194	1286354	0.0000575	1.777145682	NA	5804871.271	8.28303E+11	828302.6995
164	NCL	New Caledonia	FRA	New Caledonia (Fr.)	Label	Noum‚a	NCL	109	4.691347882	127	4.844187086	0	NA	10173.50156	0	279.993	NA	0.5446	95.5	7.672069312	3.579406405	839	0	0	3.235	893	0	NA	54.41	0	0	61.11	0	0.329643	0.9963	0.159949233	0.014895667	27162	0.000337493	0.742869655	NA	2658655.753	19014068061	19014.06806
165	NER	Niger	NER	Niger	Label	Niamey	NER	386	5.955837369	318	5.762051383	0.377	NA	12820.99512	34	22442.822	NA	NA	81.6	1.241797022	1.56175552	1142	76909.8	35252	NA	12575	64.66350041	1	17.32	9.5	0	40	52	0.620122	0.9932	0.134790234	0.0044188	11472609	0	1.772307154	42.74	5826671.44	1.18883E+12	1188830.93
166	NFK	Norfolk Island	AUS	Norfolk Is. (Aust.)	Label	Kingston	NFK	1	0	0	0	0	NA	0	0	0	NA	NA	0	0	0	0.46	0	0	4.116	0	0	NA	9.35	0	0	0	0	0	0	0.17	0.142322	48	0	0	NA	36645.19942	39005827.44	39.00582744
167	NGA	Nigeria	NGA	Nigeria	Label	Abuja	NGA	260	5.560681631	267	5.587248658	0.534	NA	421821.3194	27	195874.683	NA	0.312613333	93	0.697103207	1.16328039	6993	251147.6	337874	2.667	271875	94.38454846	1	13.93	7	0	66.67	6	0.292173	0.9892	0.150341361	0.011666143	74865002	0.004072907	6.328319946	NA	5415064.76	9.16114E+11	916114.0872
168	NIC	Nicaragua	NIC	Nicaragua	Label	Managua	NIC	88	4.477336814	50	3.912023005	0.651	365.66	13117.85922	25	6465.501	21696	0.545355667	91.3	2.254850038	1.389607477	3114	9494.71	606	NA	50567	47.08458237	1	37.23	16.6	0	35.29	49	0.510528	0.9124	0.164642933	0.075859571	6276135	0.004567939	2.880747024	8827.64	2540336.155	1.30003E+11	130003.1537
169	NIU	Niue	NZL	Niue (NZ)	Label	Alofi	NIU	5	1.609437912	1	0	0	NA	0	0	1.62	NA	0.413091333	0	0	0	18.1	2383.89	0	3.975	0	0	NA	9.71	0	0	NA	51	0	0	0.11632873	0.037088	46	0	0	NA	67500.15966	267600255.5	267.6002555
170	NLD	Netherlands	NLD	Netherlands	Label	Amsterdam	NLD	519	6.251903883	3483	8.15564927	0.934	530.27	914104.8478	82	17059.56	136311	0.194842667	83.7	1.16578302	5.279510461	376	4771.57	1904	3.744	220310	46.33694117	1	11.33	2.5	70	46.15	15	0.15627	0.9853	0.169695564	0.212987	1251140	0.001507794	11.34017512	21822.74	2741641.23	35130087640	35130.08764
171	NOR	Norway	NOR	Norway	Label	Oslo	NOR	834	6.726233402	1540	7.339537695	0.954	530.48	434166.6154	84	5337.962	417899	0.309329	95.3	8.085324922	3.874369494	12112	1704.52	408	3.706	101748	20.25774608	NA	16.97	2.5	72	32.43	0	0.333001	0.9951	0.15493401	0.314578375	12386886	0.003120986	2.661050646	1598.666667	39595793.88	3.22832E+11	322832.2428
172	NPL	Nepal	NPL	Nepal	Label	Kathmandu	NPL	470	6.152732695	318	5.762051383	0.579	NA	27830.39611	31	28095.714	NA	0.391314667	92.3	0.593546495	0.97764178	3636	37720.24	21500	NA	96718	82.90482404	1	23.63	7.8	0	3.7	68	0.434704	0.9983	0.141164513	0.0360814	13588319	0.000112258	15.59490527	864.85	3210950.295	1.48018E+11	148018.1542
173	NRU	Nauru	NRU	Nauru	Label	 	NRU	3	1.098612289	1	0	0	NA	126.715444	0	10.67	NA	0.1505823	0	0	0	0	90.5	0	3.32	0	0	NA	0	0	0	NA	0	0	0	0	0	0	0	0	NA	16592.44529	18384390.24	18.38439024
174	NZL	New Zealand	NZL	New Zealand	Label	Wellington	NZL	990	6.897704943	1513	7.321849714	0.921	492.69	207920.614	87	4743.131	1263820	0.352578667	68.1	10.1407718	5.597861635	10152	9069.52	832	3.101	327602	14.68157392	1	32.55	2.5	0	32.14	3	0.374363	0.9874	0.164787196	0.15303425	29956000	0.005673096	1.381138837	NA	13711420.37	2.70628E+11	270628.1659
175	OMN	Oman	OMN	Oman	Label	Muscat	OMN	690	6.536691598	986	6.893656355	0.834	414.85	92111.47403	52	4829.473	NA	NA	85.2	1.915058543	7.519537842	2	1405.95	0	2.953	0	15.11122817	NA	2.57	2.5	0	3.03	0	0.352664	0.9996	0.04311766	0.0450145	44005	0	2.190284648	NA	4197530.493	3.09878E+11	309878.3594
176	PAK	Pakistan	PAK	Pakistan	Label	Islamabad	PAK	317	5.758901774	412	6.021023349	0.56	NA	282345.6097	33	212228.286	NA	0.093383467	90.4	0.346582276	0.78942371	1472	261252.31	132456	2.771	3134420	21.22554631	NA	12.31	22	0	18.75	17	0.409698	0.9904	0.088903661	0.0053934	32523349	0.00000247	7.742026119	NA	8931897.968	7.96798E+11	796798.3392
177	PAN	Panama	PAN	Panama	Label	Panam 	PAN	285	5.65248918	404	6.001414878	0.795	368.96	65055.08046	37	4176.869	42884	0.609637	90.7	2.943334397	2.792606516	4617	7860.15	405	NA	19161	22.81221265	NA	20.89	9.5	0	18.52	95	0.359829	0.9868	0.156893205	0.092353143	1261798	0.00185136	3.484345789	3848.64	5809148.414	75013062512	75013.06251
178	PCN	Pitcairn	GBR	Pitcairn (UK)	Label	Adamstown	PCN	14	2.63905733	5	1.609437912	0	NA	0	0	0	NA	NA	0	0	0	3.5	0	0	1.68	0	0	NA	94.3	0	0	0	0	0	0	0.136384381	0.011905	0	0	0	NA	54613.13541	53510829.06	53.51082906
179	PER	Peru	PER	Peru	Label	Lima	PER	591	6.381816017	453	6.115892125	0.759	419.49	222237.3883	35	31989.26	498837	0.644885	92.4	3.969086387	2.277775526	73973	29660.8	37499	2.944	265828	38.26446937	NA	21.27	7.5	12	23.24	35	0.565954	0.9831	0.140170873	0.036062714	8785000	0.002133012	1.952532323	38440.79333	10214637.58	1.3009E+12	1300900.696
180	PHL	Philippines	PHL	Philippines	Label	Manila	PHL	400	5.991464547	397	5.983936281	0.712	NA	330910.1554	36	106651.394	NA	0.536297667	91.7	0.543006077	1.100246161	8040	136444.37	203366	2.78	689691	58.45519549	1	15.32	13.5	0	18.9	13	0.331411	0.9616	0.143662076	0.0301478	16073741	0.003542894	4.490559833	NA	28037126.56	2.96764E+11	296764.1552
181	PLW	Palau	PLW	Palau	Label	Koror	PLW	19	2.944438979	20	2.995732274	0.814	NA	283.994875	0	17.907	NA	0.616235667	0	0	0	40.303	0	0	4.372	0	0	NA	27.94	0	0	11.11	63	0.094277	0	0.169319758	0.231052	0	0	0	NA	349724.0258	462776543.2	462.7765432
182	PNG	Papua New Guinea	PNG	Papua New Guinea	Label	Port Moresby	PNG	122	4.804021045	43	3.761200116	0.543	NA	23077.21214	28	8606.323	36491	0.865683667	100.4	3.923425673	1.911742942	33559	10974.91	19308	2.555	16608	0	NA	3.07	0	0	0	98	0.364519	0.9964	0.026235959	0.0167458	9412186	0.004211044	2.408725521	NA	18162578.04	4.65668E+11	465667.6206
183	POL	Poland	POL	Poland	Label	Warsaw	POL	610	6.413458957	1373	7.224753406	0.872	528.84	585661.1122	60	37921.592	6939250	0.326734667	86.5	2.079661288	4.443234787	9435	61037.66	18376	3.459	1631990	45.77246869	1	39.62	2.5	56	36.21	2	0.376748	0.995	0.16997874	0.046117111	40862038	0.004087911	8.454925025	45098.08	3799321.476	3.11469E+11	311469.1134
184	PRI	Puerto Rico	USA	Puerto Rico (USA)	Label	San Juan	PRI	176	5.170483995	164	5.099866428	0	396.29	101130.9	0	3039.596	NA	0.482225667	95.8	0	0	495.95	0	0	3.61	0	0	NA	7.44	0	0	7.41	0	0.0781389	0.977	0.151507684	0.089106857	0	0.00137909	1.165603578	NA	764234.8183	9067121717	9067.121717
185	PRK	Democratic People's Republic of Korea	PRK	Democratic People's Republic of Korea	Label	Pyongyang	PRK	11	2.397895273	1	0	0	NA	17487.26106	14	25549.604	NA	0.308183	99.1	0.599850608	1.16555478	5031	15973.02	5200	4.023	0	46.97285369	NA	2.44	41.6	0	0	0	0.0625688	0.9948	0.033884042	0.0179844	7606054	0.002088485	10.89344904	NA	4645064.267	1.2273E+11	122729.9764
186	PRT	Azores Islands	PRT	Azores Is. (Port.)	Label	Ponta Delgada	PRT	488	6.190315406	1497	7.311218384	0.85	525.21	240792.1098	64	10256.193	371426	0.150627	88.7	1.509965734	3.884287957	3182	11151.78	1	3.779	125213	46.60132374	NA	22.96	2.5	18	25.47	0	0.30191	0.9818	0.169993897	0.110367333	10866000	0.020020612	4.7951219	23638.25333	695402.7946	2414993043	2414.993043
187	PRT	Madeira Islands	PRT	Madeira Islands (Port.)	Label	Funchal	PRT	488	6.190315406	1497	7.311218384	0.85	525.21	240792.1098	64	10256.193	371426	0.150627	88.7	1.509965734	3.884287957	3182	11151.78	1	3.779	125213	46.60132374	NA	22.96	2.5	18	25.47	0	0.30191	0.9818	0.169993897	0.110367333	10866000	0.020020612	4.7951219	23638.25333	223480.1654	819590247.6	819.5902476
188	PRT	Portugal	PRT	Portugal	Label	Lisbon	PRT	488	6.190315406	1497	7.311218384	0.85	525.21	240792.1098	64	10256.193	371426	0.150627	88.7	1.509965734	3.884287957	3182	11151.78	1	3.779	125213	46.60132374	NA	22.96	2.5	18	25.47	0	0.30191	0.9818	0.169993897	0.110367333	10866000	0.020020612	4.7951219	23638.25333	2755666.58	88738182290	88738.18229
189	PRY	Paraguay	PRY	Paraguay	Label	Asunci¢n	PRY	78	4.356708827	26	3.258096538	0.724	366.83	40307.45062	29	6956.066	25022	0.318612	76.6	10.52065605	4.163193208	15323	42884.92	21594	NA	132588	100.2897871	1	6.51	10.4	0	13.79	11	0.379389	0.9185	0.121693622	0.046848429	11062202	0.011498417	4.486779877	NA	4020692.426	4.01084E+11	401083.5962
190	PSE	Gaza	PSE	Gaza	Label	 	PSE	0	0	0	0	0.69	NA	16276.6	0	4862.979	NA	NA	79.5	0	0	9.17	534.38	0	NA	0	0	NA	0	0	0	0	0	0.0490211	0.9774	0.017520677	0.1143722	0	0.000211941	3.812196493	NA	110729.0163	365209475.7	365.2094757
191	PSE	West Bank	PSE	West Bank	Label	 	PSE	0	0	0	0	0.69	NA	16276.6	0	4862.979	NA	NA	79.5	0	0	9.17	534.38	0	NA	0	0	NA	0	0	0	0	0	0.0490211	0.9774	0.017520677	0.1143722	0	0.000211941	3.812196493	NA	447577.5497	5796895506	5796.895506
192	PYF	Clipperton Island	FRA	Clipperton Is. (Fr.)	Label	 	PYF	60	4.094344562	16	2.772588722	0	NA	6099.924654	0	277.679	NA	0.3119	0	1.374011472	4.73421158	155	0	53	3.328	184	0	NA	1.96	0	0	0	0	0	1	0.029674943	0.012279	5549	0	0.611099621	61.22	11244.96865	8545878.307	8.545878307
193	PYF	French Polynesia	FRA	French Polynesia (Fr.)	Label	Papeete	PYF	60	4.094344562	16	2.772588722	0	NA	6099.924654	0	277.679	NA	0.3119	0	1.374011472	4.73421158	155	0	53	3.328	184	0	NA	1.96	0	0	0	0	0	1	0.029674943	0.012279	5549	0	0.611099621	61.22	4142458.411	3753711366	3753.711366
194	QAT	Qatar	QAT	Qatar	Label	Doha	QAT	18	2.890371758	34	3.526360525	0.848	438.9	191362.0879	62	2781.682	NA	NA	83.2	1.239431793	10.80342414	0	128.32	0	2.577	156860	0	1	2.45	0	0	0	0	0	0.9843	0.103757951	0.2583265	5092	0	2.344636679	NA	906858.0049	11610356849	11610.35685
195	REU	Réunion	FRA	Réunion (Fr.)	Label	Saint-Denis	REU	0	0	0	0	0	NA	0	0	882.526	NA	0.278626	83.6	0.181041653	3.653639123	88	0	0	3.509	0	0	NA	76.33	0	0	62.5	0	0.326035	0.9106	0.17	0.06696425	105905	0.0000502	0	NA	201457.6239	2557108419	2557.108419
196	ROU	Romania	ROU	Romania	Label	Bucharest	ROU	209	5.342334252	335	5.814130532	0.816	469.42	239551.5038	47	19506.114	2523707	0.214874	86.4	2.321721478	2.707599637	6861	37274.43	4464	4.495	303562	63.88379369	1	24.35	2.5	0	21.54	37	0.299521	0.9899	0.162052133	0.021997889	15329913	0.001377906	8.990755501	13393.6	3131736.168	2.38369E+11	238368.5194
197	RUS	Russian Federation	RUS	Russian Federation	Label	Moskva	RUS	280	5.634789603	707	6.561030666	0.824	551.63	1660514.169	28	145734.038	41277466	0.354769333	92.9	6.791436635	5.689232681	814930.5	270336.34	286539	NA	1194490	0	1	9.72	2.5	0	6.61	42	0.408019	0.993	0.099277271	0.00279825	203000170	0.003063629	2.345649264	NA	143549150.3	1.69458E+13	16945806.06
198	RWA	Rwanda	RWA	Rwanda	Label	Kigali	RWA	55	4.007333185	38	3.63758616	0.536	NA	9510.001917	56	12301.97	NA	0.195162333	95.4	0.540610819	0.865194051	480	10223.75	29334	NA	6914	118.3247868	NA	9.12	31.6	8	15.38	44	0.302376	0.996	0.133427637	0.02384275	6211927	0.004440641	5.716606557	3218.62	950954.7779	25560935623	25560.93562
199	SAU	Saudi Arabia	SAU	Saudi Arabia	Label	Riyadh	SAU	60	4.094344562	183	5.209486153	0.857	375.6	782483.4935	49	33702.756	NA	NA	84.7	0.49784116	5.614569209	977	9086.57	0	NA	335390	28.31824373	NA	4.33	2.5	0	11.32	0	0.434611	0.9983	0.089961378	0.011908	274910	0	2.495045522	NA	10956762.02	1.93421E+12	1934213.774
200	SDN	Sudan	SDN	Sudan	Label	Khartoum	SDN	123	4.812184355	61	4.110873864	0.508	NA	50514.67388	16	41801.533	NA	0.012837293	81.1	0	0	19209.938	7228.45	31251	3.2	150570	47	1	2.28	0	0	NA	0	0.494267	0.9967	0.037493118	0.000393	15740000	0.000110789	2.88386415	NA	8278857.197	1.85461E+12	1854613.004
201	SEN	Senegal	SEN	Senegal	Label	Dakar	SEN	136	4.912654886	78	4.356708827	0.514	NA	23808.77544	45	15854.323	NA	NA	86.8	1.045092389	1.210005418	8273	17049.96	30010	3.702	21224	64.28678548	1	25.21	10	0	5.56	29	0.409435	0.998	0.168017671	0.0250964	6334127	0.007417475	2.39995034	NA	3379592.46	1.97959E+11	197958.7752
202	SGP	Singapore	SGP	Singapore	Label	Singapore	SGP	127	4.844187086	423	6.047372179	0.935	619.17	361115.4015	85	5757.499	NA	0.488726	75.4	0.050007132	7.974758399	16.35	337.16	1971	4.163	0	0.91801057	NA	5.62	0	0	0	4	0.0672424	0	0.162001518	0.039975	30665	0.008250261	0	NA	226104.1001	598006295.5	598.0062955
203	SGS	South Georgia and the South Sandwich Islands	GBR	South Georgia and the South Sandwich Islands (UK)	Label	 	SGS	0	0	2	0.693147181	0	NA	0	0	0	NA	NA	0	0	0	0	0	0	2	0	0	NA	100.01	0	0	NA	0	0	0	0	0	0	0	0	NA	1235160.557	3870198416	3870.198416
204	SHN	Saint Helena	GBR	Ascencion (UK)	Label	 	SHN	0	0	0	0	0	NA	0	0	6.035	NA	NA	93.1	0	0	2	0	0	4.174	0	0	NA	36.15	0	0	38.46	0	0.034483	0	0.144941728	0.002898667	0	0	0	NA	43619.30114	97352619.41	97.35261941
205	SHN	Saint Helena	GBR	Gough (UK)	Label	 	SHN	0	0	0	0	0	NA	0	0	6.035	NA	NA	93.1	0	0	2	0	0	4.174	0	0	NA	36.15	0	0	38.46	0	0.034483	0	0.144941728	0.002898667	0	0	0	NA	36125.68661	64242873	64.242873
206	SHN	Saint Helena	GBR	Saint Helena (UK)	Label	 	SHN	0	0	0	0	0	NA	0	0	6.035	NA	NA	93.1	0	0	2	0	0	4.174	0	0	NA	36.15	0	0	38.46	0	0.034483	0	0.144941728	0.002898667	0	0	0	NA	51625.03626	127124261.8	127.1242618
207	SHN	Saint Helena	GBR	Tristan da Cunha (UK)	Label	 	SHN	0	0	0	0	0	NA	0	0	6.035	NA	NA	93.1	0	0	2	0	0	4.174	0	0	NA	36.15	0	0	38.46	0	0.034483	0	0.144941728	0.002898667	0	0	0	NA	64522.89964	116382802.6	116.3828026
208	SJM	Svalbard and Jan Mayen Islands	NOR	Svalbard & Jan Mayen Is. (Norw.)	Label	Longyearbyen	SJM	1	0	0	0	0	NA	0	0	0	NA	NA	99.8	0	0	0	0	0	NA	0	0	NA	65.44	0	0	NA	0	0.562018	1	0.169897086	0.1530445	0	0	0.577216745	NA	10838067.5	61771023919	61771.02392
209	SLB	Solomon Islands	SLB	Solomon Islands	Label	Honiara	SLB	45	3.80666249	34	3.526360525	0.557	NA	1271.045752	44	652.857	39401	0.866362333	103.2	4.361685295	1.285124673	2185	959.39	0	4.292	0	0	1	2.21	11.3	0	2.7	67	0.168218	0.9749	0.024404606	0.0707485	2477434	0.005460296	1.117166609	NA	7452839.336	28906057180	28906.05718
210	SLE	Sierra Leone	SLE	Sierra Leone	Label	Freetown	SLE	30	3.401197382	18	2.890371758	0.438	NA	4101.32543	30	7650.15	NA	0.382145667	94.7	1.240046048	1.235223501	3044	15886.34	2100	2.612	0	58.58098669	NA	9.39	22.3	0	70	19	0.200058	0.9852	0.119900441	0.002542667	5872870	0.041432253	4.202257281	NA	2183497.237	72970430408	72970.43041
211	SLV	El Salvador	SLV	El Salvador	Label	San Salvador	SLV	20	2.995732274	12	2.48490665	0.667	NA	26056.94493	35	6420.746	NA	0.397775667	91.5	0.61495175	2.07063678	265	12622.73	458	3.44	60436	30.82333634	NA	8.78	12.4	0	0	19	0.262221	0.9894	0.141257287	0.090827714	4884763	0.002415836	3.576885422	9492.313333	1046476.78	20814885772	20814.88577
212	SMR	San Marino	SMR	San Marino	Label	San Marino	SMR	0	0	5	1.609437912	0	NA	1637.650595	0	33.785	NA	NA	81.6	0	0	0	0	0	NA	0	0	NA	0	2.5	0	NA	0	0	0	0	0.073538667	0	0.000201645	0	NA	36404.13523	60955162.26	60.95516226
213	SOM	Somalia	SOM	Somalia	Label	Mogadishu	SOM	13	2.564949357	2	0.693147181	0	NA	1494.465502	10	15008.226	NA	0.0557061	80.4	1.265299354	1.237879656	6363	4507.84	200	3.089	0	24.74098051	1	0.83	0	0	0	0	0.0843119	0.9973	0.007804572	0.000720857	14148437	0.000756569	2.665261151	NA	5999595.257	6.37344E+11	637344.1519
214	SPM	Saint Pierre et Miquelon	FRA	Saint Pierre et Miquelon (Fr.)	Label	Saint-Pierre	SPM	0	0	0	0	0	NA	0	0	5.849	NA	0.458340667	94.4	0	0	2.8	0	0	3.878	0	0	NA	2.95	2.5	0	NA	0	0.012679	0	0.100151099	0.043930571	600	0	0	NA	166314.9885	227937402	227.937402
215	SRB	Serbia	SRB	Serbia	Label	Belgrade	SRB	86	4.454347296	175	5.164785974	0.799	512.22	50597.30177	39	8802.754	1001347	0.184388	87.1	1.254985361	2.69861439	2720	34539.47	3150	NA	253677	49.07392997	NA	6.15	2.5	50	0	65	0.256469	0.9911	0.079484452	0.049628889	7583000	0.001031183	9.024260885	NA	2267889.788	88477615967	88477.61597
216	SSD	South Sudan	SSD	South Sudan	Label	Juba	SSD	0	0	0	0	0.413	NA	8206.888011	13	10975.927	NA	0.083527133	0	0	0	7157	0	37000	NA	0	0	NA	15.5	0	0	0	0	0.476611	0.9983	0.149826546	0.002444	4383000	0.000215789	6.740892704	NA	5245428.743	6.33928E+11	633927.6075
217	STP	Sao Tome and Principe	STP	Sao Tome and Principe	Label	S?o Tom‚	STP	8	2.079441542	5	1.609437912	0.609	NA	411.106782	46	211.028	NA	0.376004333	98	0.873061592	1.485021727	53.6	234.48	0	3.446	0	0	1	29.21	6.6	0	0	0	0.189486	0	0	0.0409358	124234	0	0	NA	236794.6719	1015386031	1015.386031
218	SUR	Suriname	SUR	Suriname	Label	Paramaribo	SUR	35	3.555348061	16	2.772588722	0.724	NA	3458.081779	43	575.99	386200	1.020920333	96.4	89.33407946	4.252643657	15332	2064.17	650	3.722	9399	52.10723044	NA	14.52	8	0	NA	98	0.528779	0.9946	0.142638196	0.0195035	541916	0.000854578	1.967867263	1195.96	2191052.371	1.45827E+11	145827.2711
219	SVK	Slovakia	SVK	Slovakia	Label	Bratislava	SVK	134	4.8978398	277	5.624017506	0.857	495.32	105956.3735	50	5453.014	149387	0.287636667	90.3	2.707053026	4.060378442	1940	5313.64	1971	NA	129642	0	1	37.28	2.5	69	5	14	0.377218	0.9909	0.17	0.052784111	9167980	0.002202742	9.105111758	3239.806667	1568489.33	48984356053	48984.35605
220	SVN	Slovenia	SVN	Slovenia	Label	Ljubljana	SVN	105	4.65396035	248	5.513428746	0.902	518.04	54034.35854	60	2077.837	260291	0.396759333	93.2	2.345048696	5.810869861	1248	3839.28	141	3.631	28285	0	NA	53.64	2.5	29	31.43	15	0.341339	0.9893	0.17	0.093355	5099340	0.000792046	7.692525804	1960.853333	1202787.5	20264551598	20264.5516
221	SWE	Sweden	SWE	Sweden	Label	Stockholm	SWE	933	6.838405201	2901	7.972810784	0.937	509.15	556086.4889	85	9971.638	12216619	0.432183	93.4	10.6248383	7.248413681	28073	5365.75	10520	NA	181055	57.12462164	NA	14.47	2.5	63	NA	13	0.273924	0.9798	0.167578278	0.449569375	73300000	0.007747578	3.422340716	3542.666667	14644000.94	4.47534E+11	447533.9339
222	SWZ	Eswatini	SWZ	Eswatini	Label	Mbabane (adm.)	SWZ	40	3.688879454	36	3.583518938	0.608	NA	4710.627493	38	1136.281	124527	0.076413	94.9	0.876842256	2.013592666	586	2497.84	65	NA	0	45.00950314	1	4.1	26.8	0	NA	0	0.205916	0.9841	0.053771281	0.08563275	2059029	0.006853353	5.057326984	NA	561028.7538	17359456208	17359.45621
223	SXM	Sint Maarten	NLD	Sint Maarten (Neth.)	Label	 	SXM	0	0	0	0	0	NA	980	0	41.94	NA	NA	0	0	0	0	0	0	2.887	0	0	NA	0	0	0	0	0	0	0	0	0.076007333	0	0	0	NA	36044.78569	38351604.66	38.35160466
224	SYC	Seychelles	SYC	Seychelles	Label	Victoria	SYC	49	3.891820298	31	3.433987204	0.801	NA	1590.224265	66	97.096	NA	0.1956453	94.3	0	0	40.666	151.73	0	3.632	19	0	1	42.1	0	0	10	86	0.137984	0	0.163510607	0.01336125	12840	0	0	NA	605197.5427	478908398.5	478.9083985
225	SYR	Syrian Arab Republic	SYR	Syrian Arab Republic	Label	Damascus	SYR	0	0	0	0	0.549	NA	16628.21436	13	16945.057	NA	NA	79.6	0.602512183	1.507860079	491	22462.11	2400	3.01	23546	48.87568866	NA	0.69	0	0	NA	42	0.035296	0.9972	0.005320602	0.020169833	71428	0.022589928	4.617295222	NA	2466961.116	1.8792E+11	187920.0505
226	TCA	Turks and Caicos Islands	TCA	Turks and Caicos Islands (UK)	Label	Cockburn Town	TCA	6	1.791759469	0	0	0	NA	1022.312537	0	37.665	NA	0.214333	95.5	0	0	34.4	0	0	3.191	0	0	NA	44.39	0	0	NA	0	0.208129	0.9891	0.143746254	0.068087333	1085	0.001958309	1.615392804	NA	622037.8004	549008291.4	549.0082914
227	TCD	Chad	TCD	Chad	Label	N'Djamena	TCD	38	3.63758616	397	5.983936281	0.401	NA	11387.42436	19	15477.729	NA	NA	80.8	2.028376337	1.455627627	4875	28714.33	110000	NA	0	75.40260569	1	20.35	34.4	0	50	62	0.564584	0.9942	0.142187908	0.0043764	8300404	0.006324279	3.610489896	NA	6300714.877	1.27658E+12	1276584.879
228	TGO	Togo	TGO	Togo	Label	Lom‚	TGO	47	3.850147602	28	3.33220451	0.513	NA	5165.45413	30	7889.093	NA	0.168879	89.1	0.5283573	1.126543233	188	10177.56	5000	3.584	11457	100.2147256	1	27.62	11.4	0	NA	29	0.267531	0.9949	0.125148235	0.097902833	4590000	0.001682695	5.19288043	885.8133333	1872876.014	57178287266	57178.28727
229	THA	Thailand	THA	Thailand	Label	Bangkok	THA	391	5.96870756	472	6.156978986	0.765	440.25	504992.3554	36	69428.453	61795	0.296983	93.5	1.243554006	2.663630949	16399	173777.32	206202	NA	1521173	33.50501695	1	18.81	7.4	0	NA	20	0.341317	0.9799	0.164289975	0.0319248	33490685	0.006051744	9.137097454	66571.33333	10932307.37	5.18396E+11	518395.7074
230	TJK	Tadjikistan	TJK	Tadjikistan	Label	Dushanbe	TJK	15	2.708050201	6	1.791759469	0.656	NA	7522.934109	25	9100.835	NA	NA	85	0.52992204	0.906348048	412	6981.3	1176	NA	56710	0	1	22.28	33.2	0	NA	82	0.43641	0.9955	0.112283365	0.0062504	90000	0	5.039248232	NA	4201606.498	1.41561E+11	141561.2004
231	TKL	Tokelau	NZL	Tokelau (NZ)	Label	 	TKL	0	0	0	0	0	NA	0	0	1.319	NA	NA	0	0	0	0	0	0	NA	0	0	NA	6.58	0	0	NA	0	0	0	0	0	0	0	0	NA	144169.328	161342271.9	161.3422719
232	TKM	Turkmenistan	TKM	Turkmenistan	Label	Ashgabat	TKM	3	1.098612289	1	0	0.71	NA	40749.26143	20	5850.901	NA	NA	78.2	2.786111259	5.469128927	4127	14837.43	15000	NA	0	0	NA	3.25	2.5	0	NA	63	0.313373	0.9976	0.043005638	0.0051184	0	0	2.8571393	NA	4886044.447	5.55936E+11	555935.85
233	TLS	Timor-Leste	TLS	Timor-Leste	Label	Dili	TLS	0	0	0	0	0.626	NA	2581	35	1267.974	NA	0.417305	96.1	1.779580103	0.47800226	686	1598.72	0	3.594	0	0	1	13.05	26.9	0	NA	0	0.192248	0.9996	0.102631957	0.0284916	110395	0.001188646	2.742897511	NA	1020904.064	14985317873	14985.31787
234	TON	Tonga	TON	Tonga	Label	Nuku'alofa	TON	42	3.737669618	40	3.688879454	0.717	NA	504.20119	0	103.197	NA	0.431459667	0	1.484370917	2.699963769	9	183.07	0	3.342	334	0	NA	15.92	0	0	NA	0	0.0203276	0	0.089518231	0.019102667	4105	0	0	NA	698566.4612	675645992.8	675.6459928
235	TTO	Trinidad and Tobago	TTO	Trinidad and Tobago	Label	Port of Spain	TTO	9	2.197224577	4	1.386294361	0.799	438.75	23808.48289	41	1389.843	NA	0.679731	100.7	1.56168233	7.919804771	234.476	338.72	0	3.745	0	2.469219848	NA	30.6	7.4	0	NA	0	0.27275	0.9818	0.16999581	0.054268	96640	0.001705253	1.430645168	NA	562242.5397	5213783663	5213.783663
236	TUN	Tunisia	TUN	Tunisia	Label	Tunis	TUN	100	4.605170186	131	4.875197323	0.739	384.12	39895.09763	43	11565.201	NA	0.034276967	85.3	0.931269545	2.336073083	1041	24319.89	1192	3.085	81053	54.98490808	NA	7.91	2.5	0	NA	16	0.123091	0.9939	0.063680933	0.007743333	3914000	0.00839946	3.567060489	NA	3101381.25	1.55843E+11	155842.6525
237	TUR	Turkey	TUR	Turkey	Label	Ankara	TUR	514	6.242223265	694	6.542471961	0.807	470.39	771355.0996	41	82340.088	2365753	0.092273633	86.8	1.520609091	3.332443183	11715	108375.14	34176	NA	1492492	54.08383353	NA	0.22	2.5	13	NA	87	0.13578	0.9913	0.004435407	0.04421	22835000	0.00275676	6.254687113	79449.54	9445964.29	7.8163E+11	781629.8196
238	TUV	Tuvalu	TUV	Tuvalu	Label	Funafuti	TUV	1	0	1	0	0	NA	46.039144	0	11.508	NA	0.196634433	0	0	0	1	195.57	0	2.091	0	0	NA	2.39	0	0	NA	0	0	0	0	0	0	0	0	NA	125941.1972	30185458.26	30.18545826
239	TWN	"Taiwan, Province of China"	CHN	"Taiwan, Province of China"	Label	Taipei	TWN	0	0	0	0	0	597.75	0	63	23726.46	NA	0.474979333	0	0	0	0	0	0	3.084	157797	0	NA	19.72	0	0	NA	0	0.311844	0.9798	0.140595906	0	0	0	0	18431.33333	1622724.545	36428290343	36428.29034
240	TZA	United Republic of Tanzania	TZA	United Republic of Tanzania	Label	Dodoma	TZA	352	5.863631176	575	6.354370041	0.528	NA	58763.27032	36	56313.438	172052	0.126448233	91.9	1.078077783	1.322098635	46060	70406.73	311218	2.72	77802	74.66215974	1	38.12	32.1	0	NA	40	0.537517	0.9891	0.164018475	0.0158245	26408297	0.00423992	2.828408336	NA	6739877.069	9.46719E+11	946719.2219
241	UGA	Uganda	UGA	Uganda	Label	Kampala	UGA	328	5.793013608	271	5.602118821	0.528	NA	30098.10326	26	42729.036	38975	0.169820333	92.1	0.586503808	1.243506855	2077	51569.8	396205	NA	5993	79.77531368	1	16.06	25.5	0	NA	15	0.318983	0.9912	0.163965371	0.030078375	46189575	0.00695493	6.83359506	NA	2664187.176	2.43123E+11	243123.2355
242	UKR	Ukraine	UKR	Ukraine	Label	Ky‹v	UKR	62	4.127134385	110	4.700480366	0.75	NA	130832.4113	32	44246.156	2992592	0.240834333	82.5	2.267127529	2.844797899	9657	122325.92	20116	3.143	1019710	0	1	3.96	2.5	18	NA	27	0.175897	0.9894	0.074488572	0.008876375	18337000	0.004395667	6.626147134	170531.7333	8745168.213	5.99764E+11	599763.76
243	UMI	Baker Island	USA	Baker Island (USA)	Label	 	UMI	0	0	0	0	0	NA	0	0	0	NA	0.151819233	0	0	0	0	0	0	NA	0	0	NA	100.41	0	0	NA	0	0	0	0	0	0	0	0	NA	4931.250191	1773638.752	1.773638752
244	UMI	Howland Island	USA	Howland Is. (USA)	Label	 	UMI	0	0	0	0	0	NA	0	0	0	NA	0.151819233	0	0	0	0	0	0	NA	0	0	NA	100.41	0	0	NA	0	0	0	0	0	0	0	0	NA	7426.987741	2311642.591	2.311642591
245	UMI	Jarvis Island	USA	Jarvis Is. (USA)	Label	 	UMI	0	0	0	0	0	NA	0	0	0	NA	0.151819233	0	0	0	0	0	0	NA	0	0	NA	100.41	0	0	NA	0	0	0	0	0	0	0	0	NA	8436.922934	4805975.886	4.805975886
246	UMI	Johnston Atoll	USA	Johnston Atoll (USA)	Label	 	UMI	0	0	0	0	0	NA	0	0	0	NA	0.151819233	0	0	0	0	0	0	NA	0	0	NA	100.41	0	0	NA	0	0	0	0	0	0	0	0	NA	8215.713185	2636327.592	2.636327592
247	UMI	Kingman Reef	USA	Kingman Reef (USA)	Label	 	UMI	0	0	0	0	0	NA	0	0	0	NA	0.151819233	0	0	0	0	0	0	NA	0	0	NA	100.41	0	0	NA	0	0	0	0	0	0	0	0	NA	268321.1725	329882824.5	329.8828245
248	UMI	Midway Islands	USA	Midway Islands (USA)	Label	 	UMI	0	0	0	0	0	NA	0	0	0	NA	0.151819233	0	0	0	0	0	0	NA	0	0	NA	100.41	0	0	NA	0	0	0	0	0	0	0	0	NA	21165.83993	7631315.382	7.631315382
249	UMI	Navassa Island	USA	Navassa Island (USA)	Label	 	UMI	0	0	0	0	0	NA	0	0	0	NA	0.151819233	0	0	0	0	0	0	NA	0	0	NA	100.41	0	0	NA	0	0	0	0	0	0	0	0	NA	8827.445807	4648989.597	4.648989597
250	UMI	Palmyra Atoll	USA	Palmyra Atoll (USA)	Label	 	UMI	0	0	0	0	0	NA	0	0	0	NA	0.151819233	0	0	0	0	0	0	NA	0	0	NA	100.41	0	0	NA	0	0	0	0	0	0	0	0	NA	18320.87235	8576490.886	8.576490886
251	UMI	Wake Island	USA	Wake Island (USA)	Label	 	UMI	0	0	0	0	0	NA	0	0	0	NA	0.151819233	0	0	0	0	0	0	NA	0	0	NA	100.41	0	0	NA	0	0	0	0	0	0	0	0	NA	37299.60997	9273265.838	9.273265838
252	URY	Uruguay	URY	Uruguay	Label	Montevideo	URY	102	4.624972813	143	4.96284463	0.808	445.45	59596.96026	70	3449.285	964608	0.099067033	62.3	10.32281074	2.911748232	1845	28092.65	3434	2.521	150696	56.7087826	1	3.5	2.5	5	NA	19	0.220971	0.9814	0.045078055	0.040637	12424000	0.010338592	4.929310868	42535	2376506.226	1.78641E+11	178640.7321
253	USA	United States of America	USA	United States of America	Label	"Washington, D.C."	USA	7089	8.866299566	25079	10.12978612	0.92	529.09	20580223	71	327096.265	13781975	0.372793333	77.5	3.760656991	8.219309459	310095	741247.63	447913	NA	12428482	68.33546523	NA	12.97	2.5	22	NA	19	0.434071	0.9833	0.122068675	0.107741833	398692751	0.008195565	4.37590397	NA	111034955.7	9.48723E+12	9487229.211
254	UZB	Uzbekistan	UZB	Uzbekistan	Label	Tashkent	UZB	9	2.197224577	10	2.302585093	0.71	NA	50499.92009	23	32476.244	NA	NA	76.7	0.919156603	2.319306685	3219.9	31079.78	22954	NA	686736	0	NA	3.38	2.5	0	NA	15	0.352907	0.9834	0.04619657	0.0027072	36000	0	3.193765929	NA	7102008.982	4.49276E+11	449276.4227
255	VAT	Holy See	VAT	Holy See	Label	 	VAT	0	0	0	0	0	NA	0	0	0.801	NA	NA	73	0	0	0	0	0	NA	0	0	NA	0	2.5	0	NA	0	0	0	0	0.138522667	0	0	0	NA	2923.557902	554232.5532	0.554232553
256	VCT	Saint Vincent and the Grenadines	VCT	Saint Vincent and the Grenadines	Label	Kingstown	VCT	1	0	0	0	0.728	NA	811.3	58	110.211	NA	0.675345	100.1	0	0	27	142.99	0	3.687	0	0	NA	22.44	6.2	0	NA	58	0.110733	0	0.169613078	0.081593667	7257	0.0000592	1.009679675	NA	237411.2453	453934578.5	453.9345785
257	VEN	Bird Island	VEN	Bird Island	Label	 	VEN	108	4.682131227	132	4.882801923	0.726	NA	208338.4752	18	28887.118	NA	0.699919	88.6	2.777099934	3.567190508	46683	34331.98	56369	3.407	285000	20.5475416	1	54.14	2.5	0	NA	35	0.640057	0.9927	0.166385764	0.018481	5514360	0.001086715	3.063686714	NA	3463.180607	755393.8227	0.755393823
258	VEN	Venezuela	VEN	Venezuela	Label	Caracas	VEN	108	4.682131227	132	4.882801923	0.726	NA	208338.4752	18	28887.118	NA	0.699919	88.6	2.777099934	3.567190508	46683	34331.98	56369	3.407	285000	20.5475416	1	54.14	2.5	0	NA	35	0.640057	0.9927	0.166385764	0.018481	5514360	0.001086715	3.063686714	NA	11299304.6	9.1812E+11	918119.5198
259	VGB	British Virgin Islands	GBR	British Virgin Islands (UK)	Label	Road Town	VGB	0	0	0	0	0	NA	1445.732512	0	29.802	NA	0.338077	98.6	2.046820997	2.860863045	3.62	0	0	3.073	0	0	NA	8.54	0	0	NA	0	0.023779	0	0.169651035	0.083798	1507	0	0	NA	243969.7932	170736255.1	170.7362551
260	VIR	United States Virgin Islands	USA	United States Virgin Islands (USA)	Label	Charlotte Amalie	VIR	0	0	0	0	0	NA	0	0	104.68	NA	0.333123	99.7	0	0	17.6	0	0	3.906	0	0	NA	14.64	0	0	NA	0	0.07586	0	0.169026958	0.081853429	0	0.0000154	1.033116341	NA	247013.9627	371043380.6	371.0433806
261	VNM	Viet Nam	VNM	Viet Nam	Label	Hanoi	VNM	390	5.966146739	357	5.877735782	0.693	520.04	244901.1041	33	95545.962	157317	0.395763333	94.1	0.996035362	1.649597084	14773	126728.08	150100	2.551	1393012	37.19357116	1	7.58	11	8	NA	23	0.362362	0.9595	0.133351592	0.022973	26653820	0.013147205	8.698877273	NA	10399436.2	3.29405E+11	329404.614
262	VUT	Vanuatu	VUT	Vanuatu	Label	Port-Vila	VUT	20	2.995732274	11	2.397895273	0.597	NA	888.932153	46	292.68	NA	0.783925333	102.7	0	0	440	1529.24	0	3.003	0	0	NA	4.2	6.4	0	NA	38	0.134896	0.9993	0.047346539	0.065673	129000	0.002943027	0.618493299	NA	2954068.729	12301260842	12301.26084
263	WLF	Wallis and Futuna	FRA	Wallis and Futuna (Fr.)	Label	Mata-Utu	WLF	1	0	0	0	0	NA	0	0	11.661	NA	0.316103667	0	1.509341689	2.065358689	5.83	0	0	3.51	0	0	NA	0	0	0	NA	0	0	0	0.059834426	0.0172415	400	0	0	NA	113591.7887	176079991.6	176.0799916
264	WSM	Samoa	WSM	Samoa	Label	Apia	WSM	35	3.555348061	25	3.218875825	0.707	NA	833.464706	0	196.129	NA	0.348657333	0	1.926636621	2.774919733	171	499.21	1	3.552	14	0	1	6.77	2.5	0	0	60	0.0797385	1	0.08717378	0.1048665	75700	0	0	NA	416522.3918	2894415791	2894.415791
265	YEM	Yemen	YEM	Yemen	Label	Sanaa	YEM	23	3.135494216	21	3.044522438	0.463	NA	26671.5795	14	28498.683	NA	NA	85.8	0.497249219	1.025240293	549	8612.55	0	NA	22443	58.99153996	NA	0.77	26.1	0	NA	15	0.354385	0.9917	0.052776351	0.0048344	505651	0	3.349318101	NA	4613826.074	4.56227E+11	456226.7806
266	ZAF	South Africa	ZAF	South Africa	Label	Pretoria (Adm.)	ZAF	1579	7.364547014	2278	7.731053144	0.705	374.06	368093.9324	43	57792.518	1459436	0.1080484	66.3	1.15144651	3.307411415	9241	47057.43	32312	NA	437325	52.6570705	1	14.13	2.5	0	20.59	25	0.424605	0.9967	0.107268864	0.069393375	26406172	0.011725831	3.412270935	NA	8578562.544	1.22472E+12	1224718.633
267	ZMB	Zambia	ZMB	Zambia	Label	Lusaka	ZMB	85	4.442651256	78	4.356708827	0.591	NA	27282.85451	35	17351.708	NA	0.0719146	87	2.231352255	0.990118697	48635	13674.36	83719	NA	125950	51.57008929	1	38.05	47.8	0	NA	32	0.524311	0.9945	0.168588645	0.011705286	10982026	0.003637825	3.076094359	NA	5979985.692	7.55543E+11	755542.7851
268	ZWE	Zimbabwe	ZWE	Zimbabwe	Label	Harare	ZWE	177	5.176149733	169	5.129898715	0.563	NA	24311.56055	22	14438.802	NA	NA	90.3	0.620596529	1.365903125	14062	16363.41	96962	NA	78457	31.50535304	NA	27.21	33.4	0	NA	21	0.516864	0.9941	0.159462428	0.028245714	9663014	0.008669666	1.970060993	NA	3061056.707	3.92785E+11	392785.0596
269	ALA	Åland Islands	FIN	Åland Islands	Label	 	 	0	0	0	0	0	 	0	0	0	 	 	0	0	0	0	0	0	 	0	0	 	0	0	0	 	0	0	0	0	0	0	0	0	 	1352534.743	1185099195	1185.099195
270	xAB	Abyei	xAB	 	No Text Label/Annotation	 	 	0	0	0	0	0	 	0	0	0	 	 	0	0	0	0	0	0	 	0	0	 	0	0	0	 	0	0	0	0	0	0	0	0	 	402527.3462	10555639252	10555.63925
271	xAC	Aksai Chin	xAC	 	No Text Label/Annotation	 	 	0	0	0	0	0	 	0	0	0	 	 	0	0	0	0	0	0	 	0	0	 	0	0	0	 	0	0	0	0	0	0	0	0	 	1297489.176	30515491360	30515.49136
272	xAP	Arunachal Pradesh	IND	 	No Text Label/Annotation	 	 	0	0	0	0	0	 	0	0	0	 	 	0	0	0	0	0	0	 	0	0	 	0	0	0	 	0	0	0	0	0	0	0	0	 	1984526.198	68405581553	68405.58155
273	xFR	Bassas da India	FRA	Bassas da India (Fr.)	Label	 	 	0	0	0	0	0	 	0	0	0	 	 	0	0	0	0	0	0	 	0	0	 	0	0	0	 	0	0	0	0	0	0	0	0	 	8361.327523	1057176.605	1.057176605
274	xFR	Europa Island	FRA	Europa Island (Fr.)	Label	 	 	0	0	0	0	0	 	0	0	0	 	 	0	0	0	0	0	0	 	0	0	 	0	0	0	 	0	0	0	0	0	0	0	0	 	33430.15824	34978226.36	34.97822636
275	xFR	Glorioso Islands	FRA	Glorioso Islands (Fr.)	Label	 	 	0	0	0	0	0	 	0	0	0	 	 	0	0	0	0	0	0	 	0	0	 	0	0	0	 	0	0	0	0	0	0	0	0	 	8511.945811	5187583.221	5.187583221
276	xFR	Juan de Nova Island	FRA	Juan de Nova Island (Fr.)	Label	 	 	0	0	0	0	0	 	0	0	0	 	 	0	0	0	0	0	0	 	0	0	 	0	0	0	 	0	0	0	0	0	0	0	0	 	11875.63146	5164938.818	5.164938818
277	xFR	Tromelin Island	FRA	Tromelin Island (Fr.)	Label	 	 	0	0	0	0	0	 	0	0	0	 	 	0	0	0	0	0	0	 	0	0	 	0	0	0	 	0	0	0	0	0	0	0	0	 	4725.191485	1405985.307	1.405985307
278	xHT	Hala'ib Triangle	SDN	 	No Text Label/Annotation	 	 	0	0	0	0	0	 	0	0	0	 	 	0	0	0	0	0	0	 	0	0	 	0	0	0	 	0	0	0	0	0	0	0	0	 	230530.6394	52281478.73	52.28147873
279	xHT	Hala'ib Triangle	SDN	 	No Text Label/Annotation	 	 	0	0	0	0	0	 	0	0	0	 	 	0	0	0	0	0	0	 	0	0	 	0	0	0	 	0	0	0	0	0	0	0	0	 	756988.2812	17740550919	17740.55092
280	xIT	Ilemi Triangle	SSD	 	No Text Label/Annotation	 	 	0	0	0	0	0	 	0	0	0	 	 	0	0	0	0	0	0	 	0	0	 	0	0	0	 	0	0	0	0	0	0	0	0	 	290035.0106	3197653596	3197.653596
281	xJK	Jammu and Kashmir	xJK	Jammu and Kashmir *	Label	 	 	0	0	0	0	0	 	0	0	0	 	 	0	0	0	0	0	0	 	0	0	 	0	0	0	 	0	0	0	0	0	0	0	0	 	3052224.514	1.86519E+11	186519.1644
282	xJL	West Bank	xxx	 	No Text Label/Annotation	 	 	0	0	0	0	0	 	0	0	0	 	 	0	0	0	0	0	0	 	0	0	 	0	0	0	 	0	0	0	0	0	0	0	0	 	148856.8141	79636352.5	79.6363525
283	xKI	Kuril Islands	RUS	 	No Text Label/Annotation	 	 	0	0	0	0	0	 	0	0	0	 	 	0	0	0	0	0	0	 	0	0	 	0	0	0	 	0	0	0	0	0	0	0	0	 	1169012.69	5114103449	5114.103449
284	xMS	Bi'r Taw?l	EGY	 	No Text Label/Annotation	 	 	0	0	0	0	0	 	0	0	0	 	 	0	0	0	0	0	0	 	0	0	 	0	0	0	 	0	0	0	0	0	0	0	0	 	203186.3974	2002881618	2002.881618
285	xPI	Paracel Islands	xPI	 	No Text Label/Annotation	 	 	0	0	0	0	0	 	0	0	0	 	 	0	0	0	0	0	0	 	0	0	 	0	0	0	 	0	0	0	0	0	0	0	0	 	22788.13283	5375453.579	5.375453579
286	xSI	Spratly Islands	xSI	 	No Text Label/Annotation	 	 	0	0	0	0	0	 	0	0	0	 	 	0	0	0	0	0	0	 	0	0	 	0	0	0	 	0	0	0	0	0	0	0	0	 	52543.09813	15720792.27	15.72079227
287	xSK	Senkaku Islands	JPN	 	No Text Label/Annotation	 	 	0	0	0	0	0	 	0	0	0	 	 	0	0	0	0	0	0	 	0	0	 	0	0	0	 	0	0	0	0	0	0	0	0	 	20626.70287	8141954.161	8.141954161
288	xSR	Scarborough Reef	xSR	 	No Text Label/Annotation	 	 	0	0	0	0	0	 	0	0	0	 	 	0	0	0	0	0	0	 	0	0	 	0	0	0	 	0	0	0	0	0	0	0	0	 	28343.29153	8882529.113	8.882529113
289	xUK	Akrotiri	GBR	Akrotiri (S.B.A.)	Label	 	 	0	0	0	0	0	 	0	0	0	 	 	0	0	0	0	0	0	 	0	0	 	0	0	0	 	0	0	0	0	0	0	0	0	 	97497.40722	124845180	124.84518
290	xUK	Dekelia	GBR	Dekelia (S.B.A.)	Label	 	 	0	0	0	0	0	 	0	0	0	 	 	0	0	0	0	0	0	 	0	0	 	0	0	0	 	0	0	0	0	0	0	0	0	 	124652.697	130088387.1	130.0883871
291	xxx	China/India	xxx	 	No Text Label/Annotation	 	 	0	0	0	0	0	 	0	0	0	 	 	0	0	0	0	0	0	 	0	0	 	0	0	0	 	0	0	0	0	0	0	0	0	 	710594.3971	3570339400	3570.3394
